Rk,School,G,W,L,W-L%,SRS,SOS,W,L,W,L,W,L,Tm.,Opp.,,Pace,ORtg,FTr,3PAr,TS%,TRB%,AST%,STL%,BLK%,eFG%,TOV%,ORB%,FT/FGA
1,Abilene Christian,31,13,18,0.419,-13.74,-7.34,8,10,10,5,2,12,2209,2272,,69.7,101.4,0.383,0.335,0.548,49,54.7,10.7,6.6,0.514,17.3,26,0.269
2,Air Force,32,14,18,0.438,-5.49,0.68,5,13,12,5,2,13,2189,2330,,69,97.7,0.402,0.339,0.523,48.3,55.9,8.7,5.9,0.485,16.9,24.7,0.275
3,Akron,34,26,8,0.765,5.87,-1.4,13,5,15,0,6,7,2619,2309,,69.3,111.2,0.313,0.503,0.559,50.2,56,7.8,9.8,0.533,13.7,29,0.217
4,Alabama A&amp;M,29,11,18,0.379,-13.28,-10.56,6,12,6,5,4,12,1974,2042,,65.6,102.4,0.393,0.367,0.51,49.4,53.7,8.5,5.7,0.471,15,31.5,0.269
5,Alabama-Birmingham,32,26,6,0.813,3.86,-3.5,16,2,16,0,10,3,2527,2226,,69.3,112.2,0.334,0.336,0.571,52.7,64.4,9.2,15.5,0.542,15.4,33.1,0.239
6,Alabama State,31,14,17,0.452,-12.85,-9.09,9,9,8,3,5,12,2217,2308,,69.5,101.2,0.325,0.337,0.501,49.7,47.2,8.3,9.1,0.467,14.5,31.5,0.222
7,Alabama,32,18,14,0.563,7.84,8.8,8,10,10,4,5,7,2139,2170,,66.2,100.2,0.412,0.433,0.529,47.8,46.9,8.4,14.1,0.501,17.6,28.2,0.264
8,Albany (NY),32,24,8,0.75,1.18,-7.73,13,3,14,1,10,7,2405,2086,,67.6,110.4,0.454,0.317,0.559,55.4,49.1,9.7,4.7,0.51,16,35.5,0.34
9,Alcorn State,30,15,15,0.5,-15.81,-9.73,13,5,9,2,6,9,2014,2164,,66.4,99,0.4,0.335,0.5,50.8,39.4,6.6,10.3,0.46,17.7,35,0.271
10,American,31,12,19,0.387,-13.92,-5.82,9,9,5,7,7,12,1785,2036,,61.9,92.3,0.317,0.385,0.522,46.8,55.2,9.1,6.3,0.49,19.9,23.5,0.221
11,Appalachian State,31,9,22,0.29,-7.75,-0.94,7,13,6,7,2,12,2187,2398,,70.8,99.6,0.391,0.401,0.514,49.7,49.7,5.8,7.5,0.472,18,32.9,0.275
12,Arizona State,32,15,17,0.469,8.67,9.36,5,13,11,6,3,9,2345,2367,,69.8,104.2,0.378,0.394,0.518,50.4,50.9,7.6,7.3,0.481,14.6,31.5,0.26
13,Arizona,33,25,8,0.758,19.49,7.27,12,6,17,1,5,5,2680,2277,,69.9,113.6,0.441,0.292,0.576,56.5,51.6,6.9,11.4,0.538,15.5,35,0.319
14,Arkansas-Little Rock,33,29,4,0.879,7.03,-2.91,17,3,14,0,12,4,2341,1968,,64.5,109.5,0.313,0.351,0.558,50.2,51.8,10.1,10.1,0.526,14.2,28.2,0.23
15,Arkansas-Pine Bluff,33,8,25,0.242,-19,-5.21,6,12,3,6,4,17,1867,2322,,65.3,86.3,0.301,0.387,0.474,44.6,47,10.9,10.8,0.45,20.9,27.7,0.184
16,Arkansas State,31,11,20,0.355,-7.3,-2.2,7,13,9,6,2,14,2282,2353,,73,99.3,0.409,0.304,0.51,49.7,49.5,6.8,10.9,0.459,15.3,28.1,0.3
17,Arkansas,32,16,16,0.5,10.66,7.19,9,9,13,4,3,8,2501,2390,,71.3,107.5,0.376,0.273,0.533,50,58.7,10,13.8,0.497,13.3,30.9,0.261
18,Army,32,19,13,0.594,-6.73,-8.02,9,9,7,8,11,5,2474,2395,,72.1,104.7,0.32,0.418,0.532,52.2,56.1,6.8,8.1,0.501,15.8,31.7,0.223
19,Auburn,31,11,20,0.355,0.55,7.94,5,13,8,7,2,11,2192,2421,,72.5,97.1,0.41,0.439,0.504,47.2,48.6,7.4,10.4,0.473,16.6,27.9,0.259
20,Austin Peay,35,18,17,0.514,-5.91,-3.55,7,9,7,7,7,9,2661,2660,,70.3,106.6,0.452,0.317,0.551,51.9,51.4,9.7,8,0.518,17,32.9,0.303
,,Overall,Overall,Overall,Overall,Overall,Overall,Conf.,Conf.,Home,Home,Away,Away,Points,Points,,School Advanced,School Advanced,School Advanced,School Advanced,School Advanced,School Advanced,School Advanced,School Advanced,School Advanced,School Advanced,School Advanced,School Advanced,School Advanced
Rk,School,G,W,L,W-L%,SRS,SOS,W,L,W,L,W,L,Tm.,Opp.,,Pace,ORtg,FTr,3PAr,TS%,TRB%,AST%,STL%,BLK%,eFG%,TOV%,ORB%,FT/FGA
21,Ball State,32,19,13,0.594,0.26,-2.93,10,8,12,6,5,7,2251,2116,,66.3,104.9,0.352,0.423,0.555,51.3,60.6,8.3,10.5,0.526,17.1,27.2,0.243
22,Baylor,33,22,11,0.667,17.05,10.36,10,8,15,5,6,5,2546,2287,,67.6,112.9,0.381,0.287,0.557,55.9,65,11.5,11.3,0.519,15.8,40.4,0.277
23,Belmont,31,20,11,0.645,1.25,-2.45,12,4,11,1,8,9,2554,2417,,72.9,112.6,0.351,0.498,0.61,49.4,59.9,6.2,6.1,0.585,17.5,26.3,0.253
24,Bethune-Cookman,32,14,18,0.438,-14.04,-8.88,10,6,9,2,5,13,2258,2330,,68.1,102.4,0.309,0.407,0.51,48.5,46.4,8.9,15.3,0.478,15.8,32.9,0.213
25,Binghamton,30,8,22,0.267,-13.91,-6.17,5,11,5,9,3,13,1827,2059,,67.4,90,0.362,0.371,0.483,48,52.9,7.9,6.4,0.443,18.3,25.2,0.247
26,Boise State,32,20,12,0.625,7.25,3.15,11,7,14,2,5,7,2480,2246,,70.5,109.1,0.406,0.424,0.559,51.3,51.1,9.2,5.8,0.523,14.5,28.5,0.288
27,Boston College,32,7,25,0.219,-1.47,7.81,0,18,6,11,0,10,1959,2256,,66.9,91.1,0.259,0.406,0.498,45.9,57.2,8.4,8.1,0.475,18,21.8,0.168
28,Boston University,32,18,14,0.563,-6.67,-6.48,11,7,9,6,9,8,2342,2315,,69.3,104.5,0.363,0.388,0.559,50.8,53.1,8.2,10.1,0.525,17.3,27.2,0.26
29,Bowling Green State,34,16,18,0.471,-5.71,-1.68,5,13,7,8,7,8,2400,2457,,69.3,101.8,0.398,0.294,0.528,50.6,46.9,8.9,9.2,0.497,16.1,28.7,0.261
30,Bradley,32,5,27,0.156,-10.92,3.69,3,15,4,11,1,12,1793,2238,,67.1,82.8,0.393,0.37,0.473,49.1,48.2,6.6,7.7,0.431,22.4,25,0.261
31,Brigham Young,33,23,10,0.697,12.08,1.61,13,5,14,2,6,6,2758,2382,,73.8,112.8,0.347,0.365,0.559,53.3,55.7,9,11.1,0.532,13.6,31.3,0.239
32,Brown,28,8,20,0.286,-8.07,-2.85,3,11,7,6,1,13,2040,2155,,70.5,101.6,0.369,0.393,0.534,48.3,59.4,7.5,10.2,0.498,16.5,26.5,0.259
33,Bryant,31,8,23,0.258,-18.29,-6.43,5,13,4,10,4,13,2018,2361,,68.4,94.5,0.268,0.342,0.498,46.3,55,8.2,7.4,0.475,17.2,26.3,0.172
34,Bucknell,30,17,13,0.567,-1.73,-6,14,4,8,7,9,6,2368,2198,,71.4,108.3,0.437,0.352,0.568,51.8,59.2,9,8.7,0.53,16.8,30.4,0.312
35,Buffalo,34,20,14,0.588,1.28,0.61,10,8,10,5,5,9,2637,2555,,72.6,106.1,0.415,0.368,0.541,52,48.5,9.5,9.4,0.5,16.2,32.7,0.295
36,Butler,31,21,10,0.677,16.22,6.8,10,8,13,3,5,5,2498,2206,,70.2,114.3,0.398,0.305,0.564,52.6,51.3,9.6,9.3,0.525,12.7,32.9,0.291
37,Cal Poly,30,10,20,0.333,-3.18,1.21,4,12,5,7,3,12,2171,2255,,67.8,104.9,0.345,0.376,0.515,49.8,56.3,7.9,8.2,0.482,12.9,30.2,0.233
38,Cal State Bakersfield,32,24,8,0.75,2.74,-5.75,11,3,14,1,7,7,2337,2022,,68.4,106,0.379,0.269,0.527,52.8,59,11.7,14.4,0.498,15.1,34.5,0.247
39,Cal State Fullerton,30,10,20,0.333,-6.88,-0.53,3,13,5,8,5,9,2104,2227,,70,99.8,0.436,0.342,0.512,50.5,43.6,7,4.5,0.467,16.2,29.8,0.302
40,Cal State Northridge,30,10,20,0.333,-6.58,-0.58,5,11,5,7,4,12,2143,2261,,71.3,98.1,0.427,0.247,0.517,48.6,56.8,9.3,7.9,0.469,17,27.4,0.306
,,Overall,Overall,Overall,Overall,Overall,Overall,Conf.,Conf.,Home,Home,Away,Away,Points,Points,,School Advanced,School Advanced,School Advanced,School Advanced,School Advanced,School Advanced,School Advanced,School Advanced,School Advanced,School Advanced,School Advanced,School Advanced,School Advanced
Rk,School,G,W,L,W-L%,SRS,SOS,W,L,W,L,W,L,Tm.,Opp.,,Pace,ORtg,FTr,3PAr,TS%,TRB%,AST%,STL%,BLK%,eFG%,TOV%,ORB%,FT/FGA
41,UC-Davis,30,11,19,0.367,-5.31,-0.99,6,10,8,7,3,11,1914,1980,,67.1,93.1,0.346,0.288,0.511,49.4,49.1,9,4.5,0.484,18.7,25.1,0.221
42,UC-Irvine,34,25,9,0.735,5.69,1.1,13,3,11,2,10,4,2417,2240,,67.1,105.1,0.374,0.303,0.547,51.7,60,8.2,14.3,0.516,16,28.9,0.256
43,UC-Riverside,33,14,19,0.424,-5.43,-2.85,5,11,7,9,7,9,2299,2300,,68.7,101.5,0.364,0.389,0.533,50.6,52,7.5,7.9,0.497,16.9,28.7,0.256
44,UC-Santa Barbara,31,18,13,0.581,4.47,1.7,11,5,6,5,10,6,2216,2092,,68.5,103.9,0.268,0.35,0.535,51.3,58,8.9,9.4,0.508,15.9,29.6,0.189
45,University of California,33,23,10,0.697,16.36,8.27,12,6,18,0,4,7,2479,2212,,68.1,109.1,0.416,0.337,0.552,54.5,48.9,6,11.1,0.525,15.2,32.4,0.273
46,Campbell,30,12,18,0.4,-10.75,-6.34,5,13,7,9,5,8,2207,2203,,70,104.7,0.413,0.404,0.552,46.6,46.4,10.2,6.2,0.512,15.2,23.3,0.296
47,Canisius,33,14,19,0.424,-5.24,-3.39,8,12,7,7,4,11,2526,2587,,68.8,108.3,0.369,0.415,0.533,47.6,55.1,8.5,7.6,0.49,13.6,31,0.274
48,Central Arkansas,28,7,21,0.25,-14.93,-6.57,6,12,4,6,2,14,2110,2344,,73.7,102.2,0.419,0.3,0.531,50.4,50.4,7.4,9.4,0.499,17.1,31.3,0.276
49,Central Connecticut State,29,4,25,0.138,-22.06,-8.96,3,15,3,11,1,14,1888,2268,,68.8,93.4,0.311,0.282,0.483,48.8,50,6.3,9,0.448,17.2,29.9,0.211
50,Central Florida,30,12,18,0.4,0.37,3.2,6,12,8,8,4,9,2062,2147,,68.3,99.8,0.372,0.391,0.527,51.7,53,6.6,11.1,0.492,18.5,31.3,0.256
51,Central Michigan,32,17,15,0.531,-0.19,-0.95,10,8,13,3,4,8,2422,2325,,67.3,112,0.315,0.459,0.553,48.4,50.7,7,7,0.523,11.9,27.7,0.226
52,Charleston Southern,30,9,21,0.3,-10.59,-2.25,5,13,6,8,3,12,2146,2253,,70,101.4,0.283,0.448,0.523,48.9,49,7.2,6,0.506,15.7,27,0.176
53,Charlotte,33,14,19,0.424,-3.03,-1.61,9,9,8,7,5,8,2584,2631,,72.1,107,0.332,0.337,0.54,49.9,52.3,8.4,5.5,0.51,14.3,29.5,0.231
54,Chattanooga,34,29,5,0.853,3.91,-3.78,15,3,13,1,10,4,2578,2265,,68,110.7,0.416,0.374,0.565,52.5,57,11.4,13.4,0.524,15.8,32.6,0.305
55,Chicago State,32,4,28,0.125,-17.31,-1.18,0,14,4,9,0,15,2140,2478,,72,92.9,0.287,0.376,0.472,47.7,49.1,10.7,9.3,0.44,16.9,31,0.192
56,Cincinnati,32,22,10,0.688,15.58,5.27,12,6,14,3,6,6,2342,2012,,65.7,108.5,0.335,0.364,0.525,53.2,60.1,11.8,15.5,0.49,13.8,36.5,0.236
57,Citadel,32,10,22,0.313,-15.61,-4.4,3,15,6,8,3,13,2753,2962,,81.2,105.6,0.314,0.5,0.534,44.4,52.1,10.8,7,0.499,14.7,28,0.229
58,Clemson,31,17,14,0.548,12.22,7.06,10,8,13,4,3,8,2159,1999,,63.7,108.5,0.333,0.393,0.54,50.2,54.6,9,14.2,0.506,13.7,30.3,0.241
59,Cleveland State,32,9,23,0.281,-9.12,0.14,4,14,5,9,3,10,1947,2169,,65.9,91.9,0.308,0.308,0.486,48.6,46.4,9.3,8.1,0.453,18.8,30.1,0.209
60,Coastal Carolina,29,18,11,0.621,-1.66,-4.39,12,6,11,3,7,5,2167,1953,,68.2,109,0.37,0.371,0.551,52.7,46.5,8.7,9,0.525,15.5,32.2,0.247
,,Overall,Overall,Overall,Overall,Overall,Overall,Conf.,Conf.,Home,Home,Away,Away,Points,Points,,School Advanced,School Advanced,School Advanced,School Advanced,School Advanced,School Advanced,School Advanced,School Advanced,School Advanced,School Advanced,School Advanced,School Advanced,School Advanced
Rk,School,G,W,L,W-L%,SRS,SOS,W,L,W,L,W,L,Tm.,Opp.,,Pace,ORtg,FTr,3PAr,TS%,TRB%,AST%,STL%,BLK%,eFG%,TOV%,ORB%,FT/FGA
61,Colgate,30,13,17,0.433,-8.4,-5.85,9,9,8,4,5,13,2093,2145,,65.3,105,0.292,0.429,0.549,47.7,53.3,9.2,7.2,0.526,16.1,27.4,0.198
62,College of Charleston,31,17,14,0.548,2.66,0.32,8,10,10,5,6,8,2028,1921,,65.1,99.7,0.33,0.346,0.51,50.8,50,10.9,7.4,0.48,16.6,30.2,0.22
63,Colorado State,34,18,16,0.529,2.25,1.47,8,10,12,5,3,8,2700,2626,,69.3,111.3,0.417,0.433,0.545,53.6,51.8,5.4,6.2,0.504,13.9,33.6,0.299
64,Colorado,33,22,11,0.667,12.61,7.86,10,8,16,1,4,7,2509,2333,,70.8,106.6,0.393,0.322,0.534,55.9,53.8,7.3,11.7,0.489,15.9,35.5,0.291
65,Columbia,31,21,10,0.677,2.35,-2.58,10,4,14,4,7,6,2362,2146,,66.8,112.7,0.378,0.445,0.569,51.4,56.4,9.4,10.2,0.537,14.1,29.8,0.269
66,Connecticut,34,24,10,0.706,16.13,5.81,11,7,14,3,6,4,2496,2145,,66.1,109.5,0.297,0.337,0.559,51.5,52.2,8.6,13.9,0.521,14.5,29.1,0.233
67,Coppin State,31,9,22,0.29,-15.36,-5.67,6,10,5,7,3,14,2240,2497,,71.3,98.2,0.381,0.37,0.491,47.1,47,7.6,7.2,0.445,15.2,31.4,0.269
68,Cornell,28,10,18,0.357,-9.59,-1.07,3,11,5,8,5,10,1992,2193,,72.6,97.1,0.324,0.407,0.516,43.2,43,10.6,9.6,0.49,16.2,22.8,0.211
69,Creighton,32,18,14,0.563,13.03,6.5,9,9,12,5,4,8,2546,2337,,72.1,110.3,0.374,0.391,0.568,50.8,54.9,8.4,7.8,0.537,14.2,26.7,0.263
70,Dartmouth,28,10,18,0.357,-5.57,-3.27,4,10,8,6,2,12,1992,1989,,69.1,102,0.375,0.285,0.526,51.8,52.4,9.8,5.4,0.484,17.7,33.6,0.271
71,Davidson,32,20,12,0.625,5.96,5.02,10,8,15,1,3,9,2534,2492,,71.1,110.9,0.332,0.438,0.558,47.4,55.5,6.6,7.8,0.52,12.6,25.7,0.252
72,Dayton,32,25,7,0.781,12.09,4.72,14,4,14,3,8,2,2342,2106,,68.7,105.3,0.41,0.349,0.551,53.7,57.3,8.5,12.3,0.52,16.5,28.9,0.276
73,Delaware State,32,7,25,0.219,-20.58,-6.55,5,11,6,7,1,17,1980,2336,,67.2,91.4,0.295,0.385,0.478,44.8,51.7,8,8.8,0.455,17.7,28,0.182
74,Delaware,30,7,23,0.233,-8.48,0.99,2,16,5,7,2,15,1986,2270,,67.4,97.8,0.422,0.311,0.498,50.7,47.7,5.3,9.2,0.453,15.3,29.5,0.289
75,Denver,31,16,15,0.516,-3.12,-3.03,7,9,8,7,6,6,2021,2024,,62.6,104.1,0.366,0.423,0.594,45.2,64.3,10.2,7.4,0.557,19.2,20.1,0.282
76,DePaul,31,9,22,0.29,0.66,8.17,3,15,5,9,3,10,2092,2325,,68.4,98.2,0.365,0.29,0.527,50.6,48.7,7,9.2,0.494,18.9,30.7,0.248
77,Detroit Mercy,31,16,15,0.516,-2.39,-0.76,9,9,11,4,4,10,2595,2567,,75.7,110.1,0.412,0.337,0.563,51.4,45.5,9,11.2,0.529,15.6,32.4,0.288
78,Drake,31,7,24,0.226,-5.21,0.85,2,16,5,9,0,12,2093,2230,,65.9,101.2,0.343,0.341,0.549,50.3,51.4,5.6,5.4,0.515,18.1,25.6,0.248
79,Drexel,31,6,25,0.194,-5.14,2.17,3,15,3,9,2,12,1958,2183,,65.6,95.9,0.368,0.3,0.484,48,56.7,6.9,10,0.443,14.7,28.3,0.252
80,Duke,33,23,10,0.697,20.06,10.66,11,7,15,3,5,4,2688,2378,,68.3,118.4,0.401,0.401,0.572,49.9,49,9.3,9.4,0.536,12.2,34,0.29
,,Overall,Overall,Overall,Overall,Overall,Overall,Conf.,Conf.,Home,Home,Away,Away,Points,Points,,School Advanced,School Advanced,School Advanced,School Advanced,School Advanced,School Advanced,School Advanced,School Advanced,School Advanced,School Advanced,School Advanced,School Advanced,School Advanced
Rk,School,G,W,L,W-L%,SRS,SOS,W,L,W,L,W,L,Tm.,Opp.,,Pace,ORtg,FTr,3PAr,TS%,TRB%,AST%,STL%,BLK%,eFG%,TOV%,ORB%,FT/FGA
81,Duquesne,32,16,16,0.5,1.68,1.55,6,12,9,6,4,7,2512,2483,,73.3,106.3,0.322,0.427,0.56,51,55.7,6.5,9.8,0.536,16.6,27.9,0.221
82,East Carolina,32,12,20,0.375,-0.17,3.42,4,14,8,8,3,10,2186,2301,,67,100,0.346,0.382,0.524,48.5,63.9,8.4,5.5,0.49,17.1,28.8,0.241
83,East Tennessee State,34,23,11,0.676,-0.95,-2.36,14,4,13,2,8,8,2644,2500,,70.2,109.6,0.369,0.359,0.563,49.8,45.1,9.5,10.2,0.53,15.6,29.7,0.263
84,Eastern Illinois,30,13,17,0.433,-8.19,-3.37,9,7,9,5,4,9,2145,2213,,68.3,103,0.338,0.382,0.532,46.3,54.6,8.5,6.3,0.507,15.4,27.3,0.222
85,Eastern Kentucky,31,15,16,0.484,-3.34,-3.67,6,10,10,6,5,10,2497,2453,,73.4,109.8,0.398,0.371,0.597,47.7,57.3,9.6,8.3,0.564,18.1,27.2,0.29
86,Eastern Michigan,33,18,15,0.545,0.11,1.49,9,9,14,3,4,11,2553,2460,,72.4,106,0.435,0.307,0.539,48.6,43.3,13,10.5,0.494,15.3,32,0.314
87,Eastern Washington,32,17,15,0.531,-4.45,-6.38,10,8,10,2,5,11,2620,2460,,70.5,116.2,0.369,0.462,0.599,49.6,46.5,8.6,9.1,0.578,14.5,27.8,0.252
88,Elon,32,16,16,0.5,-0.4,0.94,7,11,8,8,8,7,2429,2413,,71.7,105.5,0.308,0.456,0.545,49.3,56.4,7.6,5.2,0.523,15.7,28,0.204
89,Evansville,34,25,9,0.735,8.05,-0.44,12,6,13,3,8,4,2526,2221,,68.9,107,0.47,0.25,0.575,52.2,67.7,7.5,11.1,0.534,16.4,24.8,0.34
90,Fairfield,32,19,13,0.594,-2.94,-2.69,12,8,11,4,7,7,2460,2468,,72.2,104.5,0.327,0.415,0.553,46.2,58.3,8.8,10.2,0.519,16,25.2,0.241
91,Fairleigh Dickinson,32,18,14,0.563,-10,-8.32,11,7,9,6,9,8,2493,2504,,72.2,106.7,0.329,0.324,0.55,46.6,50.3,10.3,7.4,0.521,15.6,29.2,0.23
92,Florida A&amp;M,29,8,21,0.276,-21.44,-10.37,4,12,6,6,1,14,1863,2128,,70.8,88.4,0.43,0.346,0.482,46.9,49.5,9.1,5.9,0.453,19.6,26.3,0.253
93,Florida Atlantic,33,8,25,0.242,-10.18,-1.6,5,13,5,7,2,14,2189,2445,,68.5,96.5,0.338,0.367,0.511,45.6,51.2,7.7,9.7,0.469,15.9,23.7,0.247
94,Florida Gulf Coast,33,20,13,0.606,-1.7,-4.42,8,6,16,4,4,8,2540,2325,,69.4,108,0.362,0.248,0.544,53.3,47,9.3,10.4,0.521,15.1,32.9,0.234
95,Florida International,32,13,19,0.406,-5.16,-4.73,7,11,7,9,5,8,2277,2242,,66.8,104.9,0.363,0.28,0.546,51.8,46.9,7.5,12.6,0.52,16.7,30.6,0.241
96,Florida State,32,19,13,0.594,12.63,8.32,8,10,10,4,4,7,2499,2361,,71.7,108.5,0.376,0.322,0.553,52.3,47.5,10,11.2,0.522,15.6,32.9,0.259
97,Florida,33,19,14,0.576,14.94,9.91,9,9,12,4,4,8,2429,2263,,70,104.8,0.409,0.37,0.511,51.3,51.3,9,11,0.479,13.8,33,0.263
98,Fordham,30,17,13,0.567,2.45,0.31,8,10,14,4,3,7,2140,2059,,68.2,103.3,0.341,0.398,0.545,51.4,61.8,12.2,12.1,0.517,17.5,30.4,0.233
99,Fresno State,34,25,9,0.735,5.26,1.79,13,5,16,2,6,7,2561,2395,,70.1,105.9,0.383,0.299,0.523,50.8,50.9,11.6,11.9,0.485,13,31.4,0.265
100,Furman,33,18,15,0.545,-2.45,-4.13,11,7,13,1,3,12,2357,2196,,66.2,107.8,0.424,0.418,0.56,53.1,50.6,9.1,9.5,0.524,17.3,32.8,0.298
,,Overall,Overall,Overall,Overall,Overall,Overall,Conf.,Conf.,Home,Home,Away,Away,Points,Points,,School Advanced,School Advanced,School Advanced,School Advanced,School Advanced,School Advanced,School Advanced,School Advanced,School Advanced,School Advanced,School Advanced,School Advanced,School Advanced
Rk,School,G,W,L,W-L%,SRS,SOS,W,L,W,L,W,L,Tm.,Opp.,,Pace,ORtg,FTr,3PAr,TS%,TRB%,AST%,STL%,BLK%,eFG%,TOV%,ORB%,FT/FGA
101,Gardner-Webb,33,17,16,0.515,-6.56,-3.6,10,8,9,4,5,11,2476,2451,,70.9,104.6,0.344,0.396,0.522,50.8,50.7,11.2,9.5,0.495,15.7,33.2,0.225
102,George Mason,32,11,21,0.344,-1.67,3.74,5,13,7,8,2,11,2140,2313,,67.6,98.1,0.344,0.312,0.487,55.1,42.8,4.2,9.3,0.451,15.7,33.5,0.231
103,George Washington,33,23,10,0.697,10.17,3.65,11,7,14,3,7,5,2483,2268,,67.4,110.7,0.399,0.328,0.551,53.9,55.1,8.8,8.9,0.504,14.4,34.1,0.302
104,Georgetown,33,15,18,0.455,10.11,8.29,7,11,9,8,4,8,2430,2370,,69.1,105.4,0.379,0.414,0.554,50.8,60,7.8,11.5,0.512,16.7,28.3,0.285
105,Georgia Southern,31,14,17,0.452,-5.46,-2.94,10,10,10,4,4,12,2353,2307,,71.2,105.7,0.383,0.438,0.523,47.9,44,10.4,7,0.484,13.9,30.4,0.267
106,Georgia State,30,16,14,0.533,-2.68,-2.07,9,11,12,3,4,10,1971,1950,,65.1,99.3,0.374,0.273,0.524,46.9,49.9,10.1,9.9,0.488,15.8,24.7,0.258
107,Georgia Tech,33,19,14,0.576,12.13,9.95,8,10,13,5,4,7,2417,2345,,67.1,108.8,0.324,0.277,0.529,55.1,50.3,6.8,10.4,0.493,13.9,37.5,0.233
108,Georgia,32,19,13,0.594,10.03,8.93,10,8,14,4,3,8,2243,2208,,68.1,102.1,0.442,0.316,0.524,52.2,53.2,7.1,14.6,0.478,16.7,32.5,0.311
109,Gonzaga,33,26,7,0.788,16.26,3.51,15,3,11,4,9,2,2630,2186,,68.1,116.6,0.354,0.357,0.59,55.1,49.2,7.4,7.4,0.554,14.3,32.3,0.269
110,Grambling,31,7,24,0.226,-19.38,-8.24,4,14,5,7,2,15,1924,2110,,67.2,91.6,0.44,0.346,0.496,47.6,45.3,10,4.9,0.457,18.7,26.3,0.284
111,Grand Canyon,31,25,6,0.806,2.13,-5.22,11,3,16,2,7,4,2381,2128,,70.2,109,0.426,0.287,0.549,52.8,56.2,8.7,7.1,0.51,15,32.4,0.3
112,Green Bay,35,23,12,0.657,1.43,-1.27,11,7,11,3,8,9,2948,2788,,77.3,107.8,0.429,0.306,0.534,49,47.4,12.6,11.1,0.501,13.4,31.3,0.282
113,Hampton,31,21,10,0.677,-8.23,-9.13,13,3,9,2,8,7,2318,2289,,72.1,101.7,0.421,0.345,0.505,53.3,47.5,7.4,9.3,0.468,16,35,0.277
114,Hartford,33,10,23,0.303,-14.09,-5.5,4,12,4,12,6,11,2336,2588,,70,99.3,0.325,0.473,0.531,41.7,52.5,9.4,4.9,0.491,15,19,0.243
115,Harvard,30,14,16,0.467,-0.93,-0.22,6,8,8,5,4,10,2001,1985,,67.1,99.1,0.319,0.345,0.527,52.1,61.6,7.4,13.5,0.512,18.8,30.7,0.19
116,Hawaii,32,27,5,0.844,8.91,-1.89,13,3,16,3,7,2,2483,2128,,71.4,108.2,0.457,0.386,0.559,53.3,59.8,11,10.2,0.525,16,31.6,0.311
117,High Point,31,21,10,0.677,0.18,-4.46,13,5,12,3,8,6,2407,2170,,67.8,113.6,0.369,0.255,0.571,50.7,55.5,11.8,8.8,0.53,13.7,31.9,0.282
118,Hofstra,33,24,9,0.727,5.18,0.74,14,4,11,2,9,4,2601,2427,,70.2,109.8,0.404,0.394,0.547,51.5,56.1,8.7,7.7,0.514,14.1,31.7,0.278
119,Holy Cross,33,14,19,0.424,-10.86,-6.53,5,13,8,6,5,13,2156,2299,,64.6,99.2,0.361,0.404,0.516,45.8,62.3,9.8,8,0.479,14.8,23.6,0.25
120,Houston Baptist,33,17,16,0.515,-10.21,-5.04,10,8,12,3,4,10,2539,2513,,72.3,106.4,0.449,0.294,0.568,51.2,52.1,7.4,9.5,0.529,18.1,30.6,0.321
,,Overall,Overall,Overall,Overall,Overall,Overall,Conf.,Conf.,Home,Home,Away,Away,Points,Points,,School Advanced,School Advanced,School Advanced,School Advanced,School Advanced,School Advanced,School Advanced,School Advanced,School Advanced,School Advanced,School Advanced,School Advanced,School Advanced
Rk,School,G,W,L,W-L%,SRS,SOS,W,L,W,L,W,L,Tm.,Opp.,,Pace,ORtg,FTr,3PAr,TS%,TRB%,AST%,STL%,BLK%,eFG%,TOV%,ORB%,FT/FGA
121,Houston,31,22,9,0.71,11.08,2.08,12,6,15,3,6,4,2414,2135,,66.4,115,0.348,0.324,0.554,51.9,46.1,8.9,10.4,0.524,13.1,36.1,0.245
122,Howard,32,12,20,0.375,-14.15,-8.05,6,10,8,7,2,12,2311,2433,,72.2,98.5,0.495,0.263,0.507,49.4,36.7,8.4,8.1,0.445,17.4,33.2,0.361
123,Idaho State,31,16,15,0.516,-9.64,-6.5,11,7,10,3,5,10,2297,2357,,71.8,103.1,0.396,0.389,0.547,48.1,49.4,10.1,8,0.506,16.4,25.5,0.288
124,Idaho,33,21,12,0.636,-4.73,-5.61,12,6,11,4,8,6,2309,2183,,67.3,103.6,0.43,0.325,0.545,55.8,53.1,7.8,9.1,0.504,19,35.4,0.305
125,Illinois-Chicago,30,5,25,0.167,-14.53,-0.82,3,15,5,10,0,13,2019,2348,,72.7,91.1,0.443,0.245,0.464,50.5,49.8,7.6,13,0.425,17.4,32.4,0.274
126,Illinois State,32,18,14,0.563,3.32,2.51,12,6,13,3,5,8,2149,2114,,67.7,98.8,0.32,0.385,0.508,50.3,53,9.4,10.5,0.478,16.1,29.7,0.214
127,Illinois,34,15,19,0.441,4.8,7.44,5,13,7,8,2,8,2452,2542,,68.6,102.6,0.305,0.383,0.537,46,53.7,8.3,5.2,0.502,13.6,21.5,0.227
128,Incarnate Word,29,17,12,0.586,-8.94,-5.94,12,6,10,3,7,9,2145,2140,,71.2,103.4,0.375,0.376,0.551,47.7,59.6,9.6,6.8,0.505,16,22.9,0.287
129,Indiana State,32,15,17,0.469,-0.04,2.12,8,10,10,4,2,11,2170,2222,,70,95.7,0.42,0.38,0.496,50.4,47.6,8.1,7.2,0.45,16.4,27.5,0.291
130,Indiana,32,25,7,0.781,19.81,6.44,15,3,17,0,6,4,2633,2205,,68.7,119.2,0.333,0.409,0.61,55.3,54.7,10.1,10,0.586,16.8,37.6,0.241
131,Iona,32,22,10,0.688,3.99,-1.95,16,4,11,2,8,6,2547,2357,,72.3,109.7,0.325,0.442,0.567,49.6,60.7,10.4,10.7,0.538,15.5,29.4,0.232
132,Iowa State,32,21,11,0.656,17.6,10.73,10,8,14,2,4,7,2619,2399,,71.6,112.9,0.255,0.35,0.587,49.9,53,8.5,10.1,0.568,14.4,27.2,0.18
133,Iowa,31,21,10,0.677,18.04,8.66,12,6,13,2,6,5,2421,2130,,69.3,112.3,0.334,0.351,0.55,50.9,58,9.8,12.7,0.518,12.9,32.3,0.24
134,IPFW,33,24,9,0.727,0.61,-1.87,12,4,12,1,10,6,2646,2506,,70.4,113.1,0.337,0.428,0.583,51.5,55.1,7.7,8.4,0.555,15.1,28.7,0.242
135,IUPUI,32,13,19,0.406,-5.66,0.31,9,7,9,2,4,15,2181,2362,,70,96.6,0.327,0.295,0.508,49.1,45.2,9.4,6.3,0.472,16.7,27.6,0.23
136,Jackson State,34,19,15,0.559,-8.61,-9.73,12,6,11,2,6,12,2320,2211,,68.6,98.1,0.305,0.351,0.484,51.8,49.1,11.1,10.6,0.458,15,33.2,0.192
137,Jacksonville State,31,8,23,0.258,-10.06,-3.75,4,12,5,10,2,12,2100,2234,,66.6,101.3,0.316,0.396,0.509,46.1,52.3,7.6,8.4,0.47,13.9,27.6,0.232
138,Jacksonville,32,16,16,0.5,-9.28,-6.03,8,6,12,3,4,11,2444,2431,,72.3,104.8,0.322,0.36,0.534,50.4,46.4,8.9,7.6,0.506,14.2,27.5,0.219
139,James Madison,32,21,11,0.656,6.45,0.77,11,7,12,6,9,3,2405,2197,,67.9,108.6,0.369,0.419,0.554,52.4,48.9,6.3,9,0.524,15,29.4,0.253
140,Kansas State,33,17,16,0.515,12.84,10.33,5,13,12,5,2,9,2334,2251,,67.5,102.9,0.425,0.311,0.518,52.5,56.9,11,8,0.476,17.1,37,0.293
,,Overall,Overall,Overall,Overall,Overall,Overall,Conf.,Conf.,Home,Home,Away,Away,Points,Points,,School Advanced,School Advanced,School Advanced,School Advanced,School Advanced,School Advanced,School Advanced,School Advanced,School Advanced,School Advanced,School Advanced,School Advanced,School Advanced
Rk,School,G,W,L,W-L%,SRS,SOS,W,L,W,L,W,L,Tm.,Opp.,,Pace,ORtg,FTr,3PAr,TS%,TRB%,AST%,STL%,BLK%,eFG%,TOV%,ORB%,FT/FGA
141,Kansas,34,30,4,0.882,24.41,11.72,15,3,16,0,7,3,2773,2303,,69.6,115.5,0.386,0.336,0.594,53.5,55.5,9.7,10.5,0.566,15.5,32.5,0.273
142,Kennesaw State,31,11,20,0.355,-8.48,-1.51,7,7,8,6,3,14,2239,2399,,70.5,102.1,0.342,0.278,0.527,47.1,46.6,9.8,8.3,0.493,16.2,28.9,0.24
143,Kent State,32,19,13,0.594,-1.33,-1.27,10,8,13,3,6,8,2361,2317,,68.1,107.5,0.398,0.301,0.531,52.9,44.7,7.7,8.9,0.495,14.7,34.6,0.272
144,Kentucky,34,26,8,0.765,20.51,9.1,13,5,17,0,4,7,2709,2321,,68,116,0.383,0.314,0.565,53.8,50.5,8.2,13.8,0.537,13.7,37.8,0.262
145,La Salle,31,9,22,0.29,-6,4.73,4,14,7,9,1,12,1987,2279,,67.2,95.4,0.305,0.446,0.508,44.9,56.2,10.4,8.2,0.48,17,25,0.204
146,Lafayette,30,6,24,0.2,-14.8,-5.8,3,15,4,9,2,15,2142,2412,,69.7,99.5,0.316,0.385,0.535,44.5,54.9,7.9,5.8,0.505,16.4,22.3,0.219
147,Lamar,30,11,19,0.367,-14.51,-8.59,3,15,7,9,4,10,2263,2310,,73.7,102.3,0.429,0.339,0.517,51,55.1,10.2,10.2,0.478,16.8,34.7,0.288
148,Lehigh,32,17,15,0.531,-4.22,-4.99,13,5,10,5,7,9,2268,2210,,67.2,105.4,0.318,0.34,0.554,50.9,58.9,9.9,9.2,0.523,17,29.5,0.231
149,Liberty,32,13,19,0.406,-10.08,-3.39,10,8,8,6,5,9,2070,2188,,64.9,99.7,0.264,0.471,0.559,47.5,56.8,8.6,4.3,0.535,19.6,22,0.189
150,Lipscomb,33,12,21,0.364,-8.79,-3.76,7,7,6,9,5,9,2590,2689,,73.8,104.8,0.345,0.457,0.552,48.6,61.8,8.4,8,0.522,16.5,27.1,0.239
151,Long Beach State,34,20,14,0.588,4.26,4.61,12,4,11,2,6,9,2511,2461,,70.1,104.2,0.373,0.378,0.532,48.4,60,9.1,7.1,0.499,14.9,27.8,0.255
152,Long Island University,31,16,15,0.516,-11.45,-10.68,9,9,8,6,8,9,2362,2386,,73,103.1,0.413,0.32,0.524,50.1,53.1,10.4,6.9,0.479,15.9,32.2,0.296
153,Longwood,33,10,23,0.303,-11.12,-4.85,5,13,5,8,4,12,2397,2503,,69.7,103.4,0.335,0.342,0.545,51.6,49,8.8,8.3,0.513,17.8,30.5,0.237
154,Louisiana-Lafayette,31,17,14,0.548,2.11,-1.86,12,8,12,2,4,11,2464,2265,,71.7,110,0.429,0.343,0.537,55.7,46.3,9,8.8,0.497,15,37.8,0.299
155,Louisiana-Monroe,33,20,13,0.606,0.19,-1.16,15,5,13,0,6,10,2414,2302,,66.7,107.2,0.334,0.325,0.547,51.4,53.9,8.1,9.1,0.518,15.7,32.3,0.233
156,Louisiana State,33,19,14,0.576,9.22,7.44,11,7,15,3,3,8,2602,2543,,72.9,107.3,0.43,0.312,0.543,50,55.4,10.8,7.1,0.511,14.2,29.8,0.286
157,Louisiana Tech,32,23,9,0.719,0.22,-4.42,12,6,16,1,7,7,2541,2307,,72.5,107.4,0.421,0.354,0.549,50.2,50.5,10.1,10.6,0.518,14.8,28.9,0.281
158,Louisville,31,23,8,0.742,21.8,7.96,12,6,18,1,4,7,2324,1895,,66.4,112.9,0.318,0.29,0.546,54.7,48.4,10.8,14.2,0.519,14.4,38.5,0.22
159,Loyola (IL),32,15,17,0.469,-0.82,0.99,7,11,9,7,4,7,2059,2082,,65.5,97.1,0.332,0.332,0.523,46.5,51.2,8.9,8.1,0.482,17.1,23.3,0.243
160,Loyola Marymount,31,14,17,0.452,-3.46,1.04,6,12,8,6,5,10,2208,2319,,68,102.7,0.282,0.352,0.512,47.5,60.6,9.8,8.8,0.478,14.1,29.6,0.204
,,Overall,Overall,Overall,Overall,Overall,Overall,Conf.,Conf.,Home,Home,Away,Away,Points,Points,,School Advanced,School Advanced,School Advanced,School Advanced,School Advanced,School Advanced,School Advanced,School Advanced,School Advanced,School Advanced,School Advanced,School Advanced,School Advanced
Rk,School,G,W,L,W-L%,SRS,SOS,W,L,W,L,W,L,Tm.,Opp.,,Pace,ORtg,FTr,3PAr,TS%,TRB%,AST%,STL%,BLK%,eFG%,TOV%,ORB%,FT/FGA
161,Loyola (MD),30,9,21,0.3,-10.55,-4.88,8,10,5,9,4,12,2090,2260,,67.3,100.9,0.384,0.311,0.519,50.1,46.2,7.8,8.9,0.477,16.4,31.4,0.273
162,Maine,30,8,22,0.267,-17.19,-6.29,4,12,5,8,3,14,2279,2606,,77.7,96.5,0.32,0.353,0.518,46.5,52.5,10.5,7,0.492,18.3,27.9,0.21
163,Manhattan,31,13,18,0.419,-7.08,-2.72,9,11,8,6,4,11,2133,2268,,69,98.5,0.398,0.391,0.545,45.1,61.6,11,6.3,0.501,18.7,23.5,0.295
164,Marist,30,7,23,0.233,-11.3,-4.13,4,16,4,10,2,12,2145,2360,,69,101.9,0.359,0.424,0.535,45.9,48.4,6.6,7,0.494,15.5,24.3,0.263
165,Marquette,33,20,13,0.606,7.53,5.44,8,10,12,7,5,5,2517,2448,,72.3,103.8,0.405,0.303,0.559,50,60.3,10.6,10.1,0.52,17.9,28.1,0.294
166,Marshall,33,17,16,0.515,0.97,-0.16,12,6,10,4,5,9,2838,2801,,77.6,110,0.312,0.451,0.566,47.9,54.5,8.8,6.8,0.542,14.6,26.6,0.216
167,Maryland-Baltimore County,32,7,25,0.219,-15.18,-6.68,3,13,4,9,3,15,2307,2579,,70.7,101.1,0.422,0.365,0.537,47.1,49.9,9.8,4.9,0.501,15.8,24.9,0.288
168,Maryland-Eastern Shore,32,10,22,0.313,-13.95,-5.88,7,9,7,4,3,17,2178,2399,,68.4,98.3,0.378,0.356,0.538,51.4,53.1,8.5,6.8,0.501,20.7,31.4,0.268
169,Maryland,33,25,8,0.758,17.39,8.27,12,6,16,1,4,6,2510,2187,,67.2,112.7,0.372,0.375,0.595,52.6,52.6,8.7,14,0.559,17.1,29.8,0.282
170,Massachusetts-Lowell,29,11,18,0.379,-13.44,-6.01,7,9,6,6,5,12,2221,2401,,74.3,102.3,0.326,0.387,0.564,46.6,53.3,9.4,6.2,0.54,18.9,25,0.223
171,Massachusetts,32,14,18,0.438,0.74,3.06,6,12,9,7,3,9,2353,2427,,71.7,100.9,0.365,0.373,0.527,47.9,54.2,8.9,9.1,0.491,15.6,25.9,0.255
172,McNeese State,29,9,20,0.31,-14.99,-6.49,7,11,7,6,2,13,2083,2301,,70.5,99.7,0.359,0.352,0.508,47.3,46,8.2,10.2,0.469,15.4,28.5,0.251
173,Memphis,34,19,15,0.559,10.15,3.88,8,10,14,6,2,8,2603,2390,,73.6,103.3,0.419,0.299,0.511,51.4,58.2,10.4,13.3,0.461,14.1,32.5,0.303
174,Mercer,33,19,14,0.576,-2.53,-4.27,8,10,10,3,3,10,2389,2274,,65.6,107.9,0.352,0.311,0.54,56.1,57.8,7.5,8,0.502,16,37.3,0.256
175,Miami (FL),32,25,7,0.781,19.32,10.51,13,5,15,1,6,5,2420,2138,,66.3,113.7,0.4,0.341,0.579,51.9,49,9.1,9,0.539,14.2,30.2,0.3
176,Miami (OH),33,13,20,0.394,-5.69,-0.03,6,12,10,8,3,11,2089,2249,,65.5,96.6,0.363,0.327,0.5,48,46.7,10.1,7.2,0.454,16.2,28.2,0.264
177,Michigan State,34,29,5,0.853,23.8,7.42,13,5,14,2,7,3,2712,2155,,66.9,118.4,0.3,0.353,0.586,58.1,71.4,6.6,13.2,0.56,14.9,37.2,0.219
178,Michigan,34,22,12,0.647,14.36,8.11,10,8,13,4,4,6,2526,2294,,65.9,112.4,0.285,0.441,0.578,49.3,56.7,8.4,6.2,0.551,13.3,24.5,0.21
179,Middle Tennessee,33,24,9,0.727,2.26,-1.84,13,5,11,3,8,6,2399,2254,,69.3,104.5,0.362,0.354,0.538,51.6,50.3,8.9,9.8,0.519,15.2,28.7,0.223
180,Milwaukee,33,20,13,0.606,2.93,-1.97,10,8,9,4,7,6,2618,2391,,68.5,113.6,0.373,0.437,0.577,51.7,64.4,6.5,6.4,0.536,13.9,28,0.287
,,Overall,Overall,Overall,Overall,Overall,Overall,Conf.,Conf.,Home,Home,Away,Away,Points,Points,,School Advanced,School Advanced,School Advanced,School Advanced,School Advanced,School Advanced,School Advanced,School Advanced,School Advanced,School Advanced,School Advanced,School Advanced,School Advanced
Rk,School,G,W,L,W-L%,SRS,SOS,W,L,W,L,W,L,Tm.,Opp.,,Pace,ORtg,FTr,3PAr,TS%,TRB%,AST%,STL%,BLK%,eFG%,TOV%,ORB%,FT/FGA
181,Minnesota,31,8,23,0.258,1.26,7.26,2,16,7,10,0,9,2108,2294,,68.4,98.2,0.371,0.345,0.502,47.7,52.3,7.9,9.5,0.459,14.6,26.5,0.263
182,Mississippi State,31,14,17,0.452,8.61,6.45,7,11,10,5,2,9,2323,2256,,70.2,106.4,0.295,0.362,0.547,48.9,50.7,9.2,10.9,0.517,15.7,29.7,0.214
183,Mississippi Valley State,35,8,27,0.229,-19.65,-7.91,6,12,3,6,3,19,2293,2704,,71.3,90.3,0.313,0.277,0.469,45.7,45.2,9.5,6.2,0.43,16.2,27.1,0.217
184,Mississippi,32,20,12,0.625,8.3,5.2,10,8,12,2,7,7,2405,2306,,70,106.5,0.413,0.389,0.525,51.3,51.8,10.7,8.9,0.481,14.6,34.6,0.293
185,Missouri-Kansas City,31,12,19,0.387,-6.06,-1.98,4,10,9,4,2,13,2152,2240,,67.7,102.1,0.381,0.338,0.524,50.4,46.9,8.6,9.3,0.491,16.9,32.7,0.257
186,Missouri State,32,13,19,0.406,-3.58,2.52,8,10,8,7,4,8,2153,2321,,69.1,96.6,0.392,0.293,0.499,49.5,51.9,8.9,11,0.46,16.1,28.2,0.265
187,Missouri,31,10,21,0.323,2.94,7.33,3,15,10,7,0,11,2126,2262,,69.3,98.9,0.396,0.325,0.515,49,49.5,7.9,7.4,0.472,16,26.8,0.281
188,Monmouth,34,27,7,0.794,5.92,-1.81,17,3,10,1,13,4,2700,2437,,73.8,106.9,0.392,0.348,0.549,49.8,46.1,11.2,10,0.501,14.8,28.9,0.3
189,Montana State,31,14,17,0.452,-6.85,-5.28,9,9,8,3,4,12,2369,2411,,70.1,108.6,0.312,0.416,0.538,51.6,47.2,6.8,5.6,0.511,14.7,33.1,0.214
190,Montana,32,21,11,0.656,-0.53,-4.36,14,4,12,2,7,8,2318,2146,,67.1,107.1,0.372,0.376,0.563,52.2,53.1,7.8,7.6,0.533,16.2,28.3,0.258
191,Morehead State,31,19,12,0.613,0.61,-2.29,11,5,12,2,6,9,2243,2084,,66.5,108,0.36,0.272,0.525,54,55.2,11.8,7.5,0.49,15.8,39.5,0.249
192,Morgan State,31,9,22,0.29,-12.22,-7.62,6,10,6,6,2,15,2089,2223,,69.1,96.7,0.362,0.289,0.481,47.5,47.5,8.7,5.7,0.439,14.6,30.9,0.248
193,Mount St. Mary's,33,14,19,0.424,-9.58,-7.64,10,8,9,3,5,15,2218,2282,,69.7,95.4,0.306,0.362,0.492,44,45.8,10.7,9.5,0.458,15.2,25.3,0.211
194,Murray State,31,17,14,0.548,-1.48,-2.96,10,6,10,4,4,8,2212,2093,,65.6,108.3,0.362,0.367,0.557,51.2,57.8,9.1,6.3,0.521,15.7,30.1,0.262
195,Navy,33,19,14,0.576,-4.73,-6.79,9,9,6,9,11,4,2230,2135,,64.9,102.5,0.423,0.265,0.525,53.5,55.7,8.6,12.5,0.495,17.1,33.7,0.271
196,Nebraska-Omaha,31,18,13,0.581,0.27,-1.87,10,6,9,4,7,8,2617,2499,,75.9,109.9,0.41,0.29,0.564,49.1,48,12.2,7.6,0.521,14.9,29.1,0.305
197,Nebraska,34,16,18,0.471,9.16,5.89,6,12,10,8,3,8,2456,2345,,67,107,0.326,0.321,0.538,51.4,45,10.9,9.3,0.503,14.9,31.8,0.238
198,Nevada-Las Vegas,33,18,15,0.545,5.47,3.15,8,10,13,3,2,10,2581,2427,,74,103.3,0.404,0.377,0.537,49.8,56.3,10.6,12.4,0.503,16.5,29.2,0.275
199,Nevada,32,19,13,0.594,2.1,2.23,10,8,11,3,5,9,2383,2287,,72.5,100.7,0.407,0.288,0.508,51.2,48,9.8,14.6,0.457,15.5,31.7,0.298
200,New Hampshire,31,19,12,0.613,-8.24,-7.14,11,5,11,3,8,9,2203,2164,,68.4,103,0.364,0.338,0.515,53.7,48.2,5.8,4.8,0.473,14.5,30.8,0.262
,,Overall,Overall,Overall,Overall,Overall,Overall,Conf.,Conf.,Home,Home,Away,Away,Points,Points,,School Advanced,School Advanced,School Advanced,School Advanced,School Advanced,School Advanced,School Advanced,School Advanced,School Advanced,School Advanced,School Advanced,School Advanced,School Advanced
Rk,School,G,W,L,W-L%,SRS,SOS,W,L,W,L,W,L,Tm.,Opp.,,Pace,ORtg,FTr,3PAr,TS%,TRB%,AST%,STL%,BLK%,eFG%,TOV%,ORB%,FT/FGA
201,New Mexico State,33,23,10,0.697,3.55,-3.87,13,1,15,2,7,7,2368,2087,,66.8,105.8,0.373,0.28,0.542,56.7,53.8,6,11.9,0.512,17.3,36,0.252
202,New Mexico,32,17,15,0.531,5.14,2.52,10,8,12,4,5,7,2432,2348,,72.2,104.9,0.439,0.303,0.565,52.7,55.7,7.8,11.2,0.52,18.7,30.5,0.324
203,New Orleans,30,10,20,0.333,-14,-7.97,6,12,7,5,3,14,2249,2325,,74,100.9,0.448,0.264,0.509,50.5,53.5,11.3,7.1,0.464,17.2,35.5,0.308
204,Niagara,32,7,25,0.219,-10.92,-3.51,5,15,5,8,1,14,2067,2304,,67.2,94.6,0.34,0.323,0.489,50.5,47.2,7.5,8.7,0.449,18,32.8,0.237
205,Nicholls State,34,11,23,0.324,-16.45,-4.99,6,12,8,4,1,17,2298,2598,,71.6,93.3,0.417,0.37,0.511,46,55,9.3,11.8,0.476,19.4,25.4,0.273
206,NJIT,31,17,14,0.548,-4.96,-4.96,8,6,9,6,8,8,2339,2310,,70.6,106,0.346,0.424,0.555,48.8,60.7,9.3,6.8,0.517,15.9,27.8,0.257
207,Norfolk State,33,17,16,0.515,-6.61,-6.81,12,4,9,2,7,9,2440,2408,,68.9,106.5,0.428,0.365,0.546,49.5,50.6,8.2,14.2,0.491,15.7,32,0.332
208,North Carolina-Asheville,33,22,11,0.667,1.64,-3.81,12,6,11,3,6,7,2496,2227,,70.6,106.3,0.415,0.306,0.544,51.5,46.9,13.1,9,0.507,16,31.9,0.288
209,North Carolina A&amp;T,32,10,22,0.313,-16.49,-8.2,7,9,8,6,2,13,2169,2433,,68.7,96.7,0.368,0.345,0.503,49.1,45.5,7.2,7.4,0.46,17,30,0.261
210,North Carolina Central,32,13,19,0.406,-12.63,-9.67,7,9,8,5,3,12,2220,2235,,67.7,102,0.386,0.319,0.52,51.3,52.1,8.5,4.8,0.487,17.2,34.2,0.256
211,North Carolina-Greensboro,32,14,18,0.438,-5.72,-2.78,10,8,11,4,3,13,2333,2357,,68.5,105.7,0.296,0.406,0.547,49.7,50.5,8.8,7.2,0.523,15.4,27.4,0.201
212,North Carolina State,33,16,17,0.485,10.09,9.3,5,13,11,7,3,8,2482,2456,,68.3,109.3,0.389,0.298,0.524,52.7,44.2,6.6,11,0.485,13.5,36.3,0.272
213,North Carolina-Wilmington,32,25,7,0.781,6.36,-0.01,14,4,12,2,8,5,2535,2286,,71.3,109.8,0.376,0.33,0.546,50.7,47.7,10.4,11.3,0.511,13.7,32.2,0.264
214,North Carolina,34,28,6,0.824,23.04,10.33,14,4,15,1,6,5,2797,2365,,70.7,116.4,0.322,0.267,0.555,55.6,58.5,9.7,11.3,0.521,12.9,39.7,0.238
215,North Dakota State,33,20,13,0.606,-0.67,-2.74,8,8,12,1,4,11,2271,2129,,65.8,104.2,0.337,0.343,0.533,50.8,42.5,9.1,9.3,0.503,14.1,26.9,0.23
216,North Dakota,32,17,15,0.531,-3.77,-5.15,10,8,10,4,4,9,2388,2277,,72.4,101.9,0.393,0.288,0.54,50.4,49.8,10.7,8,0.507,16.2,25,0.268
217,North Florida,33,22,11,0.667,-0.97,-4.54,10,4,14,2,7,9,2797,2607,,72.2,117.4,0.304,0.486,0.608,47.1,56,7.3,10.5,0.586,13.7,25.4,0.22
218,North Texas,32,12,20,0.375,-9.76,-3.16,7,11,11,7,1,12,2386,2505,,71.9,103.2,0.456,0.308,0.534,49.6,43.6,9.1,7.9,0.502,16.7,30.2,0.293
219,Northeastern,33,18,15,0.545,1.9,1.65,9,9,7,7,8,7,2376,2339,,66,105.5,0.389,0.426,0.555,48.9,61.2,9,8.5,0.518,16.1,26.3,0.279
220,Northern Arizona,30,5,25,0.167,-18.1,-2.64,3,15,4,9,1,15,2054,2438,,70.9,94.5,0.354,0.372,0.503,45.8,53.2,8.5,5.4,0.463,16.1,22.8,0.249
,,Overall,Overall,Overall,Overall,Overall,Overall,Conf.,Conf.,Home,Home,Away,Away,Points,Points,,School Advanced,School Advanced,School Advanced,School Advanced,School Advanced,School Advanced,School Advanced,School Advanced,School Advanced,School Advanced,School Advanced,School Advanced,School Advanced
Rk,School,G,W,L,W-L%,SRS,SOS,W,L,W,L,W,L,Tm.,Opp.,,Pace,ORtg,FTr,3PAr,TS%,TRB%,AST%,STL%,BLK%,eFG%,TOV%,ORB%,FT/FGA
221,Northern Colorado,31,10,21,0.323,-12.02,-3.81,7,11,7,9,3,10,2292,2482,,69.9,105.7,0.421,0.316,0.553,50.1,41,8.2,7.6,0.511,17.3,30,0.306
222,Northern Illinois,33,21,12,0.636,-0.12,-1.12,9,9,18,1,3,10,2400,2215,,69.3,104.2,0.399,0.348,0.526,53,56.8,10.5,10.6,0.49,15.7,33.1,0.273
223,Northern Iowa,34,22,12,0.647,8.22,3.58,11,7,11,3,6,8,2312,2139,,63.7,106.3,0.328,0.424,0.571,46.9,50.7,8.9,7.7,0.537,14.1,17.9,0.247
224,Northern Kentucky,30,9,21,0.3,-6.8,-0.62,5,13,7,7,2,13,2116,2233,,69.4,100.8,0.317,0.382,0.535,49.1,58.1,6.8,7.6,0.507,17.2,27,0.216
225,Northwestern State,28,8,20,0.286,-15.49,-5.4,5,13,6,7,2,13,2224,2413,,75.2,105.6,0.369,0.342,0.561,45.5,56.2,8.3,7.4,0.517,17.2,28.7,0.283
226,Northwestern,32,20,12,0.625,10.51,4.48,8,10,14,4,5,6,2304,2111,,64.3,109.8,0.284,0.417,0.546,51.4,63,5.9,10.7,0.525,13.6,30.5,0.189
227,Notre Dame,32,21,11,0.656,14.25,9.13,11,7,14,2,5,5,2423,2259,,65.4,115.3,0.332,0.345,0.568,51.4,49.6,8.5,10,0.535,12.8,32.5,0.244
228,Oakland,32,21,11,0.656,5.68,-1.73,13,5,8,4,11,5,2762,2525,,74.8,114.9,0.414,0.358,0.575,52.1,54.3,7.9,8.4,0.529,13.5,31.9,0.318
229,Ohio State,33,20,13,0.606,9.78,7.36,11,7,14,5,4,6,2324,2244,,67.8,102.7,0.363,0.327,0.53,51.3,45.7,8.1,14.4,0.5,16.4,30,0.244
230,Ohio,32,21,11,0.656,2.3,-0.96,11,7,14,2,5,6,2508,2383,,70.1,111.4,0.379,0.384,0.585,51.2,52.2,6.1,9.3,0.548,15.2,25.9,0.284
231,Oklahoma State,32,12,20,0.375,8.76,9.39,3,15,8,8,1,9,2128,2148,,65,101.2,0.383,0.366,0.527,49.1,53.8,8.5,11.6,0.483,16.7,28.8,0.279
232,Oklahoma,32,25,7,0.781,20.91,10.94,12,6,14,1,7,5,2573,2254,,71.3,111.5,0.336,0.407,0.576,51.6,52.6,9.6,12.7,0.545,15.7,30.5,0.244
233,Old Dominion,35,22,13,0.629,4.11,-2.55,12,6,11,4,7,6,2397,2164,,62.9,108.1,0.316,0.232,0.508,54.4,50.8,9.1,12,0.477,12.1,36.6,0.215
234,Oral Roberts,31,14,17,0.452,-2.44,0.83,6,10,8,4,4,12,2356,2384,,71.2,106.4,0.365,0.282,0.551,50.2,46.2,7.3,10.3,0.51,15,28,0.273
235,Oregon State,31,19,12,0.613,10.99,9.56,9,9,12,3,4,7,2234,2169,,68.4,105.3,0.377,0.32,0.531,48.5,53.2,10.9,9.8,0.5,14.5,29.6,0.253
236,Oregon,34,28,6,0.824,18.13,8.98,14,4,18,0,5,5,2680,2350,,69.7,112.7,0.407,0.336,0.562,52.3,49.7,10.9,15.5,0.526,14.3,34.8,0.29
237,Pacific,28,8,20,0.286,-3.45,2.48,6,12,6,8,2,11,1948,2009,,67.7,101,0.369,0.369,0.532,50.6,52.8,6.5,7.3,0.5,17.2,29,0.249
238,Penn State,32,16,16,0.5,3.58,7.36,7,11,11,4,3,8,2107,2228,,66.2,98.7,0.345,0.37,0.503,49,44,7.8,12.5,0.466,14.8,28.7,0.24
239,Pennsylvania,28,11,17,0.393,-6.28,-2.24,5,9,9,6,2,11,1911,2013,,68.3,99,0.316,0.409,0.517,49.3,55.6,7.6,6.6,0.489,16.9,28.4,0.212
240,Pepperdine,31,18,13,0.581,2.89,1.99,10,8,10,3,6,7,2277,2208,,68.2,106.1,0.409,0.248,0.531,50.8,54.4,8.3,7.1,0.496,14,30.5,0.277
,,Overall,Overall,Overall,Overall,Overall,Overall,Conf.,Conf.,Home,Home,Away,Away,Points,Points,,School Advanced,School Advanced,School Advanced,School Advanced,School Advanced,School Advanced,School Advanced,School Advanced,School Advanced,School Advanced,School Advanced,School Advanced,School Advanced
Rk,School,G,W,L,W-L%,SRS,SOS,W,L,W,L,W,L,Tm.,Opp.,,Pace,ORtg,FTr,3PAr,TS%,TRB%,AST%,STL%,BLK%,eFG%,TOV%,ORB%,FT/FGA
241,Pittsburgh,32,21,11,0.656,15.71,8.65,9,9,15,4,3,6,2433,2173,,66.7,113.2,0.363,0.309,0.555,55.3,62.9,7.4,10,0.513,14.7,37.5,0.274
242,Portland State,31,13,18,0.419,-7.98,-5.77,8,10,8,6,4,11,2408,2409,,73.3,106,0.339,0.273,0.545,49.2,58,11.6,8.9,0.521,15.2,29.3,0.223
243,Portland,32,12,20,0.375,-2.1,0.68,6,12,8,7,3,9,2483,2552,,72.7,106.3,0.315,0.391,0.537,47.9,49,8.9,10.4,0.503,14.5,30.6,0.228
244,Prairie View,31,7,24,0.226,-17.17,-6.56,7,11,4,6,3,16,1873,2202,,68.9,87.7,0.365,0.27,0.462,46.1,40.9,11.2,7.6,0.417,18.7,30.7,0.25
245,Presbyterian,31,11,20,0.355,-13.04,-4.65,5,13,7,8,3,11,2093,2259,,69.6,96.6,0.353,0.288,0.514,48.4,46.4,9.5,5.9,0.475,17.6,27.4,0.251
246,Princeton,28,22,6,0.786,7.35,-2.06,12,2,13,0,9,5,2213,1903,,69.4,112.9,0.342,0.422,0.576,52.4,54.3,10.2,8.6,0.548,14.3,29.1,0.242
247,Providence,33,23,10,0.697,11.87,7.63,10,8,13,4,7,4,2441,2301,,69.9,104.6,0.377,0.369,0.524,49.8,63,9.4,9.2,0.481,14.3,30.9,0.274
248,Purdue,34,26,8,0.765,21.01,7.86,12,6,17,1,5,5,2643,2196,,67.8,114.3,0.351,0.355,0.572,57.5,64,6.3,11.6,0.537,14.9,35.3,0.261
249,Quinnipiac,30,9,21,0.3,-9.97,-4.57,6,14,6,8,3,11,1969,2131,,69.8,92.9,0.28,0.354,0.458,53.5,54,6.9,11.8,0.428,17.7,38.4,0.181
250,Radford,31,16,15,0.516,-4.84,-3.11,9,9,8,6,7,7,2266,2248,,67.5,105.7,0.287,0.349,0.529,52.1,48.6,8.5,10.9,0.508,16.2,35.4,0.187
251,Rhode Island,32,17,15,0.531,8.09,3.47,9,9,13,4,3,9,2220,2072,,65.1,105.4,0.376,0.331,0.535,51.9,50,8.1,13.5,0.504,15.2,30.6,0.251
252,Rice,32,12,20,0.375,-8.66,-2.56,7,11,9,8,3,11,2427,2576,,71.4,105.8,0.43,0.398,0.56,47.9,51.5,8.9,7.2,0.516,16.4,27,0.319
253,Richmond,32,16,16,0.5,7.46,4.75,7,11,9,7,5,7,2450,2363,,68.8,110,0.353,0.365,0.568,46.2,59.7,9.4,5.9,0.547,13.3,23.2,0.233
254,Rider,33,13,20,0.394,-4.6,-3.21,8,12,7,6,4,12,2177,2223,,65.6,99.1,0.354,0.359,0.517,49.9,54.1,8.6,10.9,0.483,16.8,28.6,0.241
255,Robert Morris,32,10,22,0.313,-13.28,-7.5,8,10,4,8,5,14,2082,2267,,69.3,93.5,0.356,0.362,0.5,45.4,54,11.9,10.8,0.466,17.9,26,0.237
256,Rutgers,32,7,25,0.219,-6.7,6.78,1,17,7,11,0,11,2166,2571,,71.2,93.9,0.341,0.268,0.496,45.5,48,8.5,8.3,0.461,17,26,0.232
257,Sacramento State,31,14,17,0.452,-8.44,-5.13,6,12,10,5,3,11,2210,2237,,69.2,102.6,0.351,0.346,0.531,48.5,54.9,8.1,11.3,0.501,15.1,27,0.236
258,Sacred Heart,30,12,18,0.4,-12.67,-8.71,11,7,6,5,5,13,2217,2336,,72,101.8,0.387,0.303,0.522,50.3,46.2,8.7,6.5,0.484,17,33.4,0.266
259,Saint Francis (PA),30,13,17,0.433,-12.25,-8.73,9,9,8,6,5,11,2110,2181,,67.6,103.2,0.389,0.357,0.524,50.7,49.7,6.8,8.4,0.485,15.9,32.3,0.271
260,Saint Joseph's,34,27,7,0.794,11.92,4.24,13,5,12,4,10,2,2638,2377,,70.4,109.7,0.377,0.357,0.549,52,55.5,7.3,9.3,0.513,12.5,28.3,0.269
,,Overall,Overall,Overall,Overall,Overall,Overall,Conf.,Conf.,Home,Home,Away,Away,Points,Points,,School Advanced,School Advanced,School Advanced,School Advanced,School Advanced,School Advanced,School Advanced,School Advanced,School Advanced,School Advanced,School Advanced,School Advanced,School Advanced
Rk,School,G,W,L,W-L%,SRS,SOS,W,L,W,L,W,L,Tm.,Opp.,,Pace,ORtg,FTr,3PAr,TS%,TRB%,AST%,STL%,BLK%,eFG%,TOV%,ORB%,FT/FGA
261,Saint Louis,32,11,21,0.344,-2.65,3.57,5,13,7,11,3,8,2106,2305,,69.4,94.1,0.378,0.352,0.517,46.6,58.8,7.8,6.2,0.477,17.8,20.7,0.266
262,Saint Mary's (CA),32,27,5,0.844,14.37,0.76,15,3,18,1,7,3,2397,1951,,62.4,120.1,0.295,0.398,0.609,54.6,61.2,7.8,9,0.592,13.4,31.1,0.206
263,Saint Peter's,30,14,16,0.467,-4.63,-3.93,12,8,9,5,5,10,1966,1987,,66.5,97.8,0.351,0.337,0.508,52.1,51,8.2,9.3,0.477,17,30.4,0.231
264,Sam Houston State,33,18,15,0.545,-5.59,-6.17,12,6,10,4,6,9,2474,2346,,69.9,106.9,0.382,0.381,0.535,52.1,65.1,7.9,5.3,0.5,14.2,30.1,0.264
265,Samford,33,14,19,0.424,-5.56,-4.1,4,14,6,7,5,11,2440,2442,,69.6,104.2,0.43,0.295,0.546,49.7,51.5,9.7,9.7,0.503,17,30.5,0.309
266,San Diego State,34,25,9,0.735,11.24,3.87,16,2,13,4,9,2,2315,2049,,66,102.3,0.441,0.333,0.517,54,46.3,8.5,15.2,0.473,16.2,33.8,0.303
267,San Diego,30,9,21,0.3,-7.66,1.55,4,14,6,7,1,11,1822,2074,,66.5,91.3,0.346,0.417,0.485,47.9,52.1,7,10.6,0.45,18,26.5,0.229
268,San Francisco,30,15,15,0.5,-2.75,-0.51,8,10,10,7,5,7,2329,2362,,70.8,107.8,0.385,0.358,0.535,51.9,45.9,7.5,7.9,0.503,15,33.9,0.261
269,San Jose State,31,9,22,0.29,-5.83,1.31,4,14,7,7,1,13,2186,2290,,71.4,98.3,0.393,0.387,0.517,49.9,59.4,8.4,10.3,0.483,17,28.3,0.259
270,Santa Clara,31,11,20,0.355,-4.56,1.97,7,11,7,8,3,9,2083,2272,,66.4,99.2,0.34,0.388,0.515,47.8,53.7,6.4,7.7,0.476,14.8,25.4,0.244
271,Savannah State,31,16,15,0.516,-15.18,-8.7,9,7,12,2,2,12,1933,2092,,68.2,91.1,0.403,0.381,0.496,47.3,49.5,8.9,7.6,0.458,19.2,26.4,0.263
272,Seattle,30,14,16,0.467,-9.28,-4.85,7,7,9,7,3,8,1952,2004,,67.2,96.4,0.348,0.313,0.513,51.8,56.5,9,5,0.482,19.9,33.1,0.232
273,Seton Hall,33,25,8,0.758,14.77,7.7,12,6,13,3,7,4,2470,2237,,70.6,105.6,0.406,0.296,0.534,52.8,51.3,10.3,11.7,0.502,16.6,35.1,0.271
274,Siena,33,21,12,0.636,2.28,-2.91,13,7,12,2,7,9,2579,2408,,70.8,108.3,0.409,0.292,0.557,55.7,53,8.5,11.7,0.518,18.7,39.6,0.296
275,South Alabama,33,14,19,0.424,-8.05,-1.89,8,12,8,6,4,11,2284,2426,,70.3,96.7,0.39,0.344,0.503,49.3,44.6,9.4,10.6,0.465,17.7,31.2,0.262
276,South Carolina State,33,19,14,0.576,-9.88,-8.2,12,4,10,1,6,11,2411,2407,,68.5,106.6,0.367,0.301,0.542,49,49.3,6.6,7.8,0.504,14.7,29.3,0.266
277,South Carolina Upstate,32,10,22,0.313,-13.71,-4.31,4,10,7,10,3,12,2315,2495,,69,104,0.308,0.334,0.528,51.1,56.3,7.9,8.9,0.506,17.1,34.7,0.197
278,South Carolina,32,24,8,0.75,12.64,6.22,11,7,15,2,5,5,2429,2208,,71.7,105,0.448,0.298,0.521,54.3,51.7,9.6,12.8,0.48,16.2,38.1,0.306
279,South Dakota State,33,26,7,0.788,5.48,-1.56,12,4,13,0,8,7,2517,2237,,68.8,110.8,0.405,0.363,0.558,53.8,43.7,7.2,6.6,0.516,14.8,32.6,0.299
280,South Dakota,32,14,18,0.438,-5.35,-0.65,5,11,6,6,5,10,2443,2537,,71.7,104.4,0.305,0.289,0.546,47.7,53.9,8.9,9.8,0.518,14.8,25.5,0.214
,,Overall,Overall,Overall,Overall,Overall,Overall,Conf.,Conf.,Home,Home,Away,Away,Points,Points,,School Advanced,School Advanced,School Advanced,School Advanced,School Advanced,School Advanced,School Advanced,School Advanced,School Advanced,School Advanced,School Advanced,School Advanced,School Advanced
Rk,School,G,W,L,W-L%,SRS,SOS,W,L,W,L,W,L,Tm.,Opp.,,Pace,ORtg,FTr,3PAr,TS%,TRB%,AST%,STL%,BLK%,eFG%,TOV%,ORB%,FT/FGA
281,South Florida,33,8,25,0.242,-2.68,5.41,4,14,4,14,3,9,2085,2352,,67,94.2,0.33,0.251,0.487,51.6,42.8,6.8,14.2,0.454,18.5,34.6,0.218
282,Southeast Missouri State,29,5,24,0.172,-15.92,-3.29,2,14,3,10,2,14,1944,2252,,71.5,93.4,0.358,0.3,0.486,48,51.2,10.5,4.3,0.454,16.8,28.6,0.229
283,Southeastern Louisiana,33,12,21,0.364,-13.36,-7.3,9,9,9,3,2,15,2344,2489,,70.6,100.3,0.379,0.354,0.542,48.9,56.8,9,7.6,0.519,19.1,29.5,0.241
284,Southern California,33,21,12,0.636,14.02,7.93,9,9,16,2,3,7,2668,2467,,72.7,109.5,0.353,0.324,0.548,51.1,51.5,8.6,12.7,0.52,14.4,32.5,0.24
285,SIU Edwardsville,28,6,22,0.214,-10.63,-2.45,3,13,3,11,3,11,1839,2068,,68,95.7,0.369,0.326,0.492,50.5,47.8,7.2,10.3,0.448,16.9,32.4,0.26
286,Southern Illinois,32,22,10,0.688,2.7,-1.4,11,7,12,4,9,4,2360,2229,,69.9,104.7,0.393,0.338,0.544,52.2,44.8,10.3,5.8,0.511,17,31.7,0.269
287,Southern Methodist,30,25,5,0.833,18.67,4.81,13,5,16,1,7,4,2319,1903,,66,117.1,0.338,0.268,0.578,57.4,61.5,9.2,13.5,0.553,15.7,41.2,0.237
288,Southern Mississippi,29,8,21,0.276,-10.47,-3.54,5,13,6,9,2,12,1866,2045,,65,97.3,0.361,0.482,0.532,47.3,57.7,8.1,7.2,0.495,18.2,23.4,0.257
289,Southern Utah,30,6,24,0.2,-17.17,-4.03,3,15,3,10,3,13,2119,2429,,70,100,0.361,0.343,0.538,45.9,48.2,8,7.5,0.502,16.8,23.6,0.256
290,Southern,34,22,12,0.647,-7.2,-9.07,11,7,12,1,6,10,2479,2347,,69.7,104.6,0.373,0.296,0.529,48.9,41.9,10.7,9.7,0.498,14.2,29,0.25
291,St. Bonaventure,30,22,8,0.733,7.18,2.22,14,4,14,2,8,5,2334,2185,,69.2,111.5,0.378,0.372,0.561,49.4,51.9,8.5,11.8,0.516,14.4,31.1,0.292
292,St. Francis (NY),32,15,17,0.469,-10.95,-8.95,11,7,9,5,6,11,2095,2131,,66.9,97.2,0.365,0.434,0.5,50.6,52.1,8.9,12,0.464,17.6,32.6,0.243
293,St. John's (NY),32,8,24,0.25,-2.06,7.78,1,17,6,10,0,10,2174,2472,,73.2,92.8,0.383,0.34,0.493,47.5,54.6,8.6,14.3,0.461,18.3,27.7,0.244
294,Stanford,30,15,15,0.5,8.49,10.84,8,10,12,5,2,8,2088,2111,,67.3,102.6,0.449,0.325,0.521,49.4,49.7,10,9.2,0.478,15.2,30.9,0.307
295,Stephen F. Austin,32,27,5,0.844,8.45,-6.83,18,0,14,0,9,4,2583,2021,,69.9,115.5,0.341,0.361,0.581,52.5,65.2,13,10.1,0.55,15.3,34.7,0.249
296,Stetson,34,12,22,0.353,-10.77,-4.33,4,10,6,8,5,13,2729,2807,,73.4,107,0.341,0.364,0.553,47.1,54,8.4,5.5,0.519,14.6,25.9,0.246
297,Stony Brook,32,26,6,0.813,4.24,-6.02,14,2,15,1,11,5,2458,2030,,67.6,113.2,0.323,0.305,0.556,55.5,58.2,9.1,12.4,0.533,14.2,35.7,0.217
298,Syracuse,32,19,13,0.594,13.57,9.07,9,9,13,4,3,7,2247,2103,,65,106.7,0.355,0.433,0.536,48.9,58.1,12.3,11.7,0.505,15.7,33,0.242
299,Temple,32,21,11,0.656,7.64,6.42,14,4,11,3,8,4,2197,2158,,65.9,102.6,0.271,0.378,0.498,49,54.7,8,7.8,0.469,11.7,29,0.185
300,Tennessee-Martin,33,19,14,0.576,-5.73,-4.83,10,6,11,2,7,9,2398,2338,,67.3,106.8,0.357,0.397,0.546,51.6,48,8.5,6.1,0.511,15.6,31,0.253
,,Overall,Overall,Overall,Overall,Overall,Overall,Conf.,Conf.,Home,Home,Away,Away,Points,Points,,School Advanced,School Advanced,School Advanced,School Advanced,School Advanced,School Advanced,School Advanced,School Advanced,School Advanced,School Advanced,School Advanced,School Advanced,School Advanced
Rk,School,G,W,L,W-L%,SRS,SOS,W,L,W,L,W,L,Tm.,Opp.,,Pace,ORtg,FTr,3PAr,TS%,TRB%,AST%,STL%,BLK%,eFG%,TOV%,ORB%,FT/FGA
301,Tennessee State,30,20,10,0.667,-1.6,-5.39,11,5,11,2,7,7,2200,2056,,69.4,104.8,0.421,0.293,0.542,52.3,41,11,11.2,0.504,16.9,32.4,0.293
302,Tennessee Tech,30,19,11,0.633,-2.76,-3.8,11,5,14,1,5,9,2357,2265,,70.5,111,0.446,0.422,0.579,49.8,56,7.4,9.8,0.536,15.7,28.2,0.331
303,Tennessee,34,15,19,0.441,8.16,8.22,6,12,12,4,1,11,2554,2556,,71,105.8,0.341,0.362,0.519,48.7,51.6,7.5,11.5,0.48,13.6,32.1,0.247
304,Texas A&amp;M-Corpus Christi,32,25,7,0.781,-2.39,-5.53,15,3,13,1,10,5,2356,2212,,70.2,104.9,0.381,0.328,0.537,49.6,50.4,13.5,13.3,0.494,15.9,32.1,0.281
305,Texas A&amp;M,34,26,8,0.765,19.09,8.71,13,5,17,1,5,5,2581,2228,,68.2,110.5,0.375,0.37,0.543,52.6,63.2,10.1,11,0.514,14.6,35,0.252
306,Texas-Arlington,33,23,10,0.697,5.71,-2.85,13,7,13,2,9,7,2627,2295,,73,107.8,0.356,0.421,0.528,55,62.1,9.9,8.2,0.493,15.4,36.9,0.248
307,Texas Christian,33,12,21,0.364,4.68,9.23,2,16,9,9,1,10,2209,2359,,70,95.7,0.456,0.308,0.502,48,52,9.2,10.9,0.457,18,29.3,0.306
308,Texas-El Paso,33,19,14,0.576,-3.65,-4.78,10,8,14,4,2,9,2554,2471,,72.7,105.2,0.42,0.321,0.553,48,57.1,8.1,9.5,0.523,15.4,25.1,0.28
309,Texas-Rio Grande Valley,30,8,22,0.267,-17.62,-3.99,4,10,7,6,1,13,1993,2330,,69.2,96,0.304,0.37,0.509,44.8,64.1,6.9,7,0.48,16.1,23.6,0.204
310,Texas-San Antonio,32,5,27,0.156,-16.23,-3.23,3,15,4,10,1,14,2317,2698,,73.1,98.3,0.375,0.361,0.513,47.9,46,8.7,7,0.473,16.3,26.7,0.264
311,Texas Southern,32,18,14,0.563,-4.59,-7.31,16,2,9,0,7,12,2330,2243,,68,107,0.421,0.359,0.543,53.7,55.7,6.6,7.3,0.519,16.7,35.4,0.265
312,Texas State,31,15,16,0.484,-5.16,-4.09,8,12,10,4,4,11,2046,1993,,65.1,100.5,0.389,0.271,0.51,50,50.3,9.3,9,0.474,15.7,30.8,0.262
313,Texas Tech,31,19,12,0.613,13.2,10.65,9,9,14,3,3,7,2244,2165,,66.7,107.3,0.431,0.304,0.548,50.3,53.2,8.7,11.8,0.499,15.4,31.7,0.321
314,Texas,32,20,12,0.625,15.76,12.48,11,7,14,3,5,5,2283,2178,,66.9,105.8,0.397,0.36,0.525,49,46.5,7.6,11.5,0.493,13.4,30.7,0.264
315,Toledo,32,17,15,0.531,3.1,-2.22,8,10,9,6,6,8,2482,2286,,70.4,110.2,0.348,0.384,0.566,52.2,60.5,7.4,5.3,0.53,14.7,27.9,0.26
316,Towson,32,20,12,0.625,0.61,-1.56,11,7,12,3,7,6,2286,2137,,66.5,106.6,0.444,0.303,0.517,55.3,46.3,9.3,13.2,0.476,15.2,39.2,0.301
317,Troy,31,9,22,0.29,-9.03,-1.89,4,16,4,10,4,10,2145,2329,,70.1,97.9,0.392,0.371,0.498,48.5,47.2,8.4,7.4,0.465,15,29.2,0.252
318,Tulane,34,12,22,0.353,-0.63,4.02,3,15,6,10,2,10,2240,2398,,67.8,95,0.307,0.356,0.484,50,46.4,9.2,9.7,0.45,16.4,31.7,0.208
319,Tulsa,31,20,11,0.645,10.07,5.75,12,6,12,3,6,5,2294,2160,,68.9,106.5,0.399,0.366,0.538,48.7,53.4,9.8,7.5,0.504,13.6,27.9,0.271
320,UCLA,32,15,17,0.469,10.87,10.08,6,12,11,6,3,7,2480,2455,,71.6,107,0.323,0.273,0.533,51.6,54.9,7.5,8.8,0.503,14.5,32.8,0.223
,,Overall,Overall,Overall,Overall,Overall,Overall,Conf.,Conf.,Home,Home,Away,Away,Points,Points,,School Advanced,School Advanced,School Advanced,School Advanced,School Advanced,School Advanced,School Advanced,School Advanced,School Advanced,School Advanced,School Advanced,School Advanced,School Advanced
Rk,School,G,W,L,W-L%,SRS,SOS,W,L,W,L,W,L,Tm.,Opp.,,Pace,ORtg,FTr,3PAr,TS%,TRB%,AST%,STL%,BLK%,eFG%,TOV%,ORB%,FT/FGA
321,Utah State,31,16,15,0.516,2.62,2,7,11,10,6,5,8,2274,2217,,68.2,107.6,0.336,0.391,0.551,50.8,56.6,8.1,7.1,0.523,15.4,29.7,0.232
322,Utah Valley,30,12,18,0.4,-9.35,-3.35,6,8,7,7,5,9,2280,2360,,74.8,100.8,0.343,0.398,0.535,47.7,55.4,7.8,7.1,0.498,15.9,24.1,0.248
323,Utah,34,26,8,0.765,16.55,9.06,13,5,16,1,5,5,2639,2351,,67.7,113,0.387,0.376,0.587,53.1,57.3,7.8,10.2,0.557,15.7,30.1,0.276
324,Valparaiso,32,26,6,0.813,10.24,-1.39,16,2,14,1,12,4,2425,1991,,68.6,109.5,0.36,0.379,0.547,56.6,53.1,10,12.3,0.511,15.8,36.1,0.261
325,Vanderbilt,32,19,13,0.594,18.25,8.85,11,7,14,2,3,9,2456,2155,,69.1,110.2,0.395,0.381,0.566,50.9,56.8,6.2,12.9,0.535,14.7,27.4,0.276
326,Vermont,34,21,13,0.618,-1.37,-4.59,11,5,12,3,8,9,2550,2397,,68.8,108.9,0.367,0.322,0.578,51.9,50.3,8,11.1,0.55,17.1,28.6,0.259
327,Villanova,34,29,5,0.853,21.64,8.38,16,2,15,1,10,2,2617,2166,,67.7,113.3,0.343,0.438,0.581,51.4,60.7,9.9,9.7,0.543,14.5,28.6,0.267
328,Virginia Commonwealth,34,24,10,0.706,13.73,3.82,14,4,15,2,7,4,2625,2288,,69.8,109.9,0.323,0.328,0.538,51.9,51,12.5,10,0.509,13.7,33.3,0.223
329,VMI,30,9,21,0.3,-12.58,-2.76,4,14,8,6,1,14,2081,2264,,69.8,99,0.281,0.442,0.519,46.1,45.3,8.7,11.4,0.486,16.5,26,0.203
330,Virginia Tech,33,19,14,0.576,10.15,7.67,10,8,13,5,4,6,2461,2379,,69.5,105.7,0.497,0.294,0.546,49.1,49.1,7.6,9.1,0.501,16,30,0.348
331,Virginia,33,26,7,0.788,22.06,11.36,13,5,15,0,5,6,2322,1969,,61.1,114.7,0.324,0.281,0.577,53,55.7,8.9,9.5,0.544,13.4,30.6,0.244
332,Wagner,32,22,10,0.688,-4.46,-10.42,13,5,13,4,9,6,2256,2047,,67.6,103.8,0.332,0.304,0.514,55.3,52.7,10.2,11.7,0.477,16.3,38,0.236
333,Wake Forest,31,11,20,0.355,5.78,10.78,2,16,6,9,3,9,2295,2450,,71.9,102.1,0.432,0.343,0.528,50.9,54.7,8.2,10.6,0.494,17.4,32.7,0.285
334,Washington State,31,9,22,0.29,0.93,8.4,1,17,8,9,0,10,2187,2394,,70.3,98.8,0.313,0.301,0.541,48.6,52,7,10.3,0.51,17.8,24.2,0.223
335,Washington,32,18,14,0.563,12.15,8.56,9,9,12,5,3,6,2668,2553,,77.5,105.5,0.406,0.339,0.526,48.5,51.1,9.7,14.8,0.481,15,33.1,0.294
336,Weber State,34,26,8,0.765,0.29,-5.77,15,3,13,1,6,7,2609,2273,,68.7,110.1,0.443,0.418,0.59,53,52.8,7,7.9,0.563,17.1,26.5,0.301
337,West Virginia,34,26,8,0.765,22.9,10.31,13,5,13,2,7,4,2693,2265,,70.7,111.1,0.461,0.306,0.539,56,54.2,13.9,8.1,0.502,16.2,41.9,0.309
338,Western Carolina,33,16,17,0.485,-4.54,-1.14,10,8,12,2,3,14,2405,2411,,70.1,102,0.383,0.367,0.529,50.3,49.9,11.2,9.4,0.491,17.4,32.2,0.269
339,Western Illinois,27,10,17,0.37,-5.97,-1.09,3,13,7,6,3,11,1904,1914,,68.8,102.5,0.33,0.322,0.541,50.1,53.4,8.8,8.6,0.507,16,25.2,0.238
340,Western Kentucky,34,18,16,0.529,-1.22,-0.82,8,10,12,4,3,9,2620,2586,,68.8,109.9,0.39,0.326,0.561,53.8,50.1,6.3,10.3,0.529,16.3,34.6,0.273
,,Overall,Overall,Overall,Overall,Overall,Overall,Conf.,Conf.,Home,Home,Away,Away,Points,Points,,School Advanced,School Advanced,School Advanced,School Advanced,School Advanced,School Advanced,School Advanced,School Advanced,School Advanced,School Advanced,School Advanced,School Advanced,School Advanced
Rk,School,G,W,L,W-L%,SRS,SOS,W,L,W,L,W,L,Tm.,Opp.,,Pace,ORtg,FTr,3PAr,TS%,TRB%,AST%,STL%,BLK%,eFG%,TOV%,ORB%,FT/FGA
341,Western Michigan,32,13,19,0.406,-1.83,0.3,7,11,10,5,2,12,2342,2352,,68.7,104.1,0.441,0.312,0.531,52,48.6,8.1,7.5,0.485,15.4,30.7,0.314
342,Wichita State,32,24,8,0.75,16.61,2.9,16,2,14,1,9,3,2343,1896,,66,110,0.385,0.385,0.537,53.3,57.4,10.8,11.9,0.497,12.8,32,0.275
343,William &amp; Mary,31,20,11,0.645,5.85,1.58,11,7,12,3,7,7,2384,2205,,68.4,111.5,0.362,0.372,0.579,51.5,59.4,8,11.7,0.549,14,25.8,0.26
344,Winthrop,32,23,9,0.719,-1.05,-5.32,13,5,14,1,7,7,2631,2429,,72.9,112.7,0.404,0.411,0.59,49.1,42.5,7.5,12.7,0.552,15.5,26.8,0.303
345,Wisconsin,32,20,12,0.625,13.49,9.17,12,6,13,5,6,5,2204,2066,,64.2,106.5,0.397,0.338,0.53,52.3,49.4,9.1,8.5,0.49,14.6,33.7,0.281
346,Wofford,32,15,17,0.469,-3.44,-2.04,11,7,11,2,4,14,2296,2295,,66,107.4,0.374,0.384,0.565,50.2,61,7.6,4.7,0.525,15.8,26.7,0.281
347,Wright State,35,22,13,0.629,0.21,-1.73,13,5,13,2,5,9,2399,2303,,67.4,101.3,0.324,0.359,0.543,47.4,55.8,8.1,6.6,0.514,15.3,20.1,0.225
348,Wyoming,32,14,18,0.438,0.09,2.19,7,11,10,6,4,8,2294,2302,,66.8,106.1,0.459,0.527,0.579,45.6,54.4,6.1,7.3,0.541,15.5,17.5,0.329
349,Xavier,32,27,5,0.844,18.73,8.42,14,4,15,1,8,3,2603,2273,,72.8,111.8,0.429,0.347,0.558,54.9,59.8,10.1,8.7,0.515,15,35.7,0.314
350,Yale,28,22,6,0.786,8.62,-2.35,13,1,12,0,9,6,2105,1768,,67.1,111.6,0.416,0.307,0.557,57.9,57.1,8.6,12.7,0.528,16.7,39.3,0.276
351,Youngstown State,32,11,21,0.344,-10.83,-0.83,6,12,6,8,3,11,2437,2682,,74.1,100.7,0.306,0.348,0.526,44.7,53.7,9.1,6,0.494,14.4,23.1,0.218