Rk,School,G,W,L,W-L%,SRS,SOS,W,L,W,L,W,L,Tm.,Opp.,,MP,FG,FGA,FG%,3P,3PA,3P%,FT,FTA,FT%,ORB,TRB,AST,STL,BLK,TOV,PF
1,Abilene Christian,31,13,18,0.419,-13.78,-7.38,8,10,10,5,2,12,2209,2272,,1250,792,1662,0.477,168,486,0.346,520,735,0.707,266,1031,376,160,98,448,596
2,Air Force,32,14,18,0.438,-5.5,0.67,5,13,12,5,2,13,2189,2330,,1300,784,1823,0.43,290,843,0.344,472,667,0.708,326,1187,470,211,133,436,664
3,Akron,34,26,8,0.765,5.89,-1.39,13,5,15,0,6,7,2619,2309,,1360,839,2036,0.412,200,677,0.295,431,644,0.669,383,1258,384,202,78,396,614
4,Alabama A&amp;M,29,11,18,0.379,-13.24,-10.52,6,12,6,5,4,12,1974,2042,,1175,726,1599,0.454,168,520,0.323,422,637,0.662,307,1025,351,171,84,316,590
5,Alabama-Birmingham,32,26,6,0.813,3.86,-3.5,16,2,16,0,10,3,2527,2226,,1300,803,1948,0.412,220,682,0.323,400,577,0.693,377,1104,404,198,102,405,578
6,Alabama State,31,14,17,0.452,-12.81,-9.05,9,9,8,3,5,12,2217,2308,,1260,808,1744,0.463,193,569,0.339,499,768,0.65,324,1170,404,187,106,400,548
7,Alabama,32,18,14,0.563,7.84,8.81,8,10,10,4,5,7,2139,2170,,1290,740,1818,0.407,206,628,0.328,484,723,0.669,416,1214,358,183,91,388,629
8,Albany (NY),32,24,8,0.75,1.18,-7.72,13,3,14,1,10,7,2405,2086,,1290,770,1830,0.421,218,723,0.302,328,491,0.668,306,989,386,169,126,422,684
9,Alcorn State,30,15,15,0.5,-15.78,-9.7,13,5,9,2,6,9,2014,2164,,1225,748,1673,0.447,215,592,0.363,453,646,0.701,324,1038,384,205,95,357,583
10,American,31,12,19,0.387,-13.91,-5.82,9,9,5,7,7,12,1785,2036,,1250,735,1568,0.469,147,473,0.311,419,628,0.667,284,992,362,225,75,370,530
11,Appalachian State,31,9,22,0.29,-7.74,-0.94,7,13,6,7,2,12,2187,2398,,1240,856,1852,0.462,183,474,0.386,503,738,0.682,357,1157,373,197,116,349,673
12,Arizona State,32,15,17,0.469,8.66,9.35,5,13,11,6,3,9,2345,2367,,1290,830,1812,0.458,224,633,0.354,483,690,0.7,302,1159,483,186,150,411,670
13,Arizona,33,25,8,0.758,19.48,7.27,12,6,17,1,5,5,2680,2277,,1350,829,2008,0.413,201,626,0.321,418,587,0.712,313,1025,403,178,112,382,722
14,Arkansas-Little Rock,33,29,4,0.879,7.02,-2.91,17,3,14,0,12,4,2341,1968,,1325,664,1710,0.388,206,672,0.307,434,633,0.686,339,1107,345,132,89,462,576
15,Arkansas-Pine Bluff,33,8,25,0.242,-18.96,-5.18,6,12,3,6,4,17,1867,2322,,1325,747,1701,0.439,180,557,0.323,648,913,0.71,408,1248,441,271,99,438,524
16,Arkansas State,31,11,20,0.355,-7.29,-2.19,7,13,9,6,2,14,2282,2353,,1260,791,1983,0.399,259,737,0.351,512,757,0.676,401,1257,399,195,94,355,675
17,Arkansas,32,16,16,0.5,10.66,7.2,9,9,13,4,3,8,2501,2390,,1305,803,1844,0.435,231,644,0.359,553,790,0.7,349,1187,447,165,140,454,658
18,Army,32,19,13,0.594,-6.72,-8.01,9,9,7,8,11,5,2474,2395,,1310,888,2000,0.444,191,551,0.347,428,641,0.668,336,1190,399,228,106,392,632
19,Auburn,31,11,20,0.355,0.55,7.94,5,13,8,7,2,11,2192,2421,,1245,832,1877,0.443,232,667,0.348,525,752,0.698,376,1270,439,187,122,400,656
20,Austin Peay,35,18,17,0.514,-5.91,-3.55,7,9,7,7,7,9,2661,2660,,1420,956,2089,0.458,296,824,0.359,450,640,0.703,365,1195,501,244,99,468,738
,,Overall,Overall,Overall,Overall,Overall,Overall,Conf.,Conf.,Home,Home,Away,Away,Points,Points,,,Opponent Totals,Opponent Totals,Opponent Totals,Opponent Totals,Opponent Totals,Opponent Totals,Opponent Totals,Opponent Totals,Opponent Totals,Opponent Totals,Opponent Totals,Opponent Totals,Opponent Totals,Opponent Totals,Opponent Totals,Opponent Totals
Rk,School,G,W,L,W-L%,SRS,SOS,W,L,W,L,W,L,Tm.,Opp.,,MP,FG,FGA,FG%,3P,3PA,3P%,FT,FTA,FT%,ORB,TRB,AST,STL,BLK,TOV,PF
21,Ball State,32,19,13,0.594,0.28,-2.92,10,8,12,6,5,7,2251,2116,,1295,719,1774,0.405,216,633,0.341,462,657,0.703,308,1088,362,200,64,362,587
22,Baylor,33,22,11,0.667,17.05,10.37,10,8,15,5,6,5,2546,2287,,1335,797,1794,0.444,228,622,0.367,463,664,0.697,306,975,584,220,130,451,649
23,Belmont,31,20,11,0.645,1.26,-2.44,12,4,11,1,8,9,2554,2417,,1245,843,1921,0.439,231,668,0.346,500,698,0.716,360,1105,402,225,97,379,647
24,Bethune-Cookman,32,14,18,0.438,-14.03,-8.86,10,6,9,2,5,13,2258,2330,,1295,830,1923,0.432,228,672,0.339,442,647,0.683,428,1258,478,173,86,389,582
25,Binghamton,30,8,22,0.267,-13.9,-6.17,5,11,5,9,3,13,1827,2059,,1205,728,1675,0.435,204,606,0.337,399,576,0.693,298,1108,397,211,84,372,553
26,Boise State,32,20,12,0.625,7.24,3.14,11,7,14,2,5,7,2480,2246,,1290,785,1765,0.445,234,669,0.35,442,631,0.7,264,1054,388,169,105,472,675
27,Boston College,32,7,25,0.219,-1.46,7.82,0,18,6,11,0,10,1959,2256,,1285,796,1732,0.46,224,587,0.382,440,641,0.686,302,1174,467,234,110,415,504
28,Boston University,32,18,14,0.563,-6.67,-6.47,11,7,9,6,9,8,2342,2315,,1295,819,1898,0.432,227,692,0.328,450,652,0.69,331,1117,443,201,77,371,590
29,Bowling Green State,34,16,18,0.471,-5.71,-1.68,5,13,7,8,7,8,2400,2457,,1360,853,1978,0.431,278,745,0.373,473,685,0.691,350,1208,379,207,103,403,684
30,Bradley,32,5,27,0.156,-10.92,3.69,3,15,4,11,1,12,1793,2238,,1290,737,1675,0.44,188,544,0.346,576,866,0.665,288,1121,397,247,99,374,647
31,Brigham Young,33,23,10,0.697,12.08,1.61,13,5,14,2,6,6,2758,2382,,1325,831,2013,0.413,251,757,0.332,469,648,0.724,314,1188,444,179,113,430,654
32,Brown,28,8,20,0.286,-8.06,-2.84,3,11,7,6,1,13,2040,2155,,1140,757,1726,0.439,218,613,0.356,423,617,0.686,338,1092,401,217,97,324,551
33,Bryant,31,8,23,0.258,-18.29,-6.42,5,13,4,10,4,13,2018,2361,,1250,841,1880,0.447,251,759,0.331,428,589,0.727,378,1217,480,215,114,346,501
34,Bucknell,30,17,13,0.567,-1.72,-6,14,4,8,7,9,6,2368,2198,,1225,746,1757,0.425,218,627,0.348,488,731,0.668,314,1026,428,211,127,395,643
35,Buffalo,34,20,14,0.588,1.29,0.62,10,8,10,5,5,9,2637,2555,,1370,882,2044,0.432,251,740,0.339,540,756,0.714,368,1229,449,192,111,450,702
36,Butler,31,21,10,0.677,16.23,6.81,10,8,13,3,5,5,2498,2206,,1245,764,1773,0.431,222,655,0.339,456,642,0.71,299,1022,389,141,139,409,641
37,Cal Poly,30,10,20,0.333,-3.19,1.2,4,12,5,7,3,12,2171,2255,,1220,792,1720,0.46,213,547,0.389,458,658,0.696,287,1102,455,152,99,326,566
38,Cal State Bakersfield,32,24,8,0.75,2.69,-5.79,11,3,14,1,7,7,2337,2022,,1290,668,1708,0.391,187,585,0.32,499,722,0.691,339,1097,324,170,101,489,642
39,Cal State Fullerton,30,10,20,0.333,-6.89,-0.54,3,13,5,8,5,9,2104,2227,,1205,752,1753,0.429,238,677,0.352,485,664,0.73,307,1096,436,162,118,341,611
40,Cal State Northridge,30,10,20,0.333,-6.58,-0.58,5,11,5,7,4,12,2143,2261,,1225,799,1815,0.44,232,600,0.387,431,630,0.684,348,1150,462,196,113,415,628
,,Overall,Overall,Overall,Overall,Overall,Overall,Conf.,Conf.,Home,Home,Away,Away,Points,Points,,,Opponent Totals,Opponent Totals,Opponent Totals,Opponent Totals,Opponent Totals,Opponent Totals,Opponent Totals,Opponent Totals,Opponent Totals,Opponent Totals,Opponent Totals,Opponent Totals,Opponent Totals,Opponent Totals,Opponent Totals,Opponent Totals
Rk,School,G,W,L,W-L%,SRS,SOS,W,L,W,L,W,L,Tm.,Opp.,,MP,FG,FGA,FG%,3P,3PA,3P%,FT,FTA,FT%,ORB,TRB,AST,STL,BLK,TOV,PF
41,UC-Davis,30,11,19,0.367,-5.32,-1,6,10,8,7,3,11,1914,1980,,1225,707,1710,0.413,196,632,0.31,370,517,0.716,296,1057,409,223,103,408,566
42,UC-Irvine,34,25,9,0.735,5.68,1.09,13,3,11,2,10,4,2417,2240,,1370,758,1959,0.387,241,708,0.34,483,659,0.733,364,1171,480,180,77,393,657
43,UC-Riverside,33,14,19,0.424,-5.44,-2.86,5,11,7,9,7,9,2299,2300,,1320,796,1861,0.428,198,583,0.34,510,713,0.715,321,1135,428,208,115,392,608
44,UC-Santa Barbara,31,18,13,0.581,4.46,1.69,11,5,6,5,10,6,2216,2092,,1245,693,1730,0.401,217,722,0.301,489,709,0.69,324,1103,389,156,88,388,512
45,University of California,33,23,10,0.697,16.35,8.26,12,6,18,0,4,7,2479,2212,,1335,762,1937,0.393,180,513,0.351,508,720,0.706,325,1097,361,169,97,318,668
46,Campbell,30,12,18,0.4,-10.73,-6.33,5,13,7,9,5,8,2207,2203,,1205,783,1708,0.458,198,538,0.368,439,649,0.676,314,1109,357,180,76,404,596
47,Canisius,33,14,19,0.424,-5.23,-3.38,8,12,7,7,4,11,2526,2587,,1355,892,1872,0.476,273,718,0.38,530,730,0.726,353,1228,526,175,114,455,663
48,Central Arkansas,28,7,21,0.25,-14.97,-6.61,6,12,4,6,2,14,2110,2344,,1120,811,1729,0.469,239,618,0.387,483,669,0.722,303,1028,443,196,114,324,553
49,Central Connecticut State,29,4,25,0.138,-22.06,-8.96,3,15,3,11,1,14,1888,2268,,1175,843,1775,0.475,208,580,0.359,374,542,0.69,309,1096,444,204,114,299,495
50,Central Florida,30,12,18,0.4,0.37,3.21,6,12,8,8,4,9,2062,2147,,1210,799,1925,0.415,217,671,0.323,332,482,0.689,367,1089,440,224,92,277,552
51,Central Michigan,32,17,15,0.531,-0.19,-0.95,10,8,13,3,4,8,2422,2325,,1285,833,1877,0.444,220,641,0.343,439,632,0.695,359,1193,406,136,81,345,599
52,Charleston Southern,30,9,21,0.3,-10.58,-2.24,5,13,6,8,3,12,2146,2253,,1210,783,1708,0.458,242,658,0.368,445,624,0.713,267,1101,410,173,118,376,513
53,Charlotte,33,14,19,0.424,-3.03,-1.6,9,9,8,7,5,8,2584,2631,,1340,961,1994,0.482,264,672,0.393,445,617,0.721,314,1200,438,189,117,441,595
54,Chattanooga,34,29,5,0.853,3.92,-3.77,15,3,13,1,10,4,2578,2265,,1370,829,1910,0.434,225,694,0.324,382,566,0.675,337,1103,419,216,127,482,676
55,Chicago State,32,4,28,0.125,-17.35,-1.21,0,14,4,9,0,15,2140,2478,,1280,826,1821,0.454,291,763,0.381,535,787,0.68,366,1287,552,215,133,469,560
56,Cincinnati,32,22,10,0.688,15.58,5.27,12,6,14,3,6,6,2342,2012,,1315,722,1849,0.39,231,648,0.356,337,498,0.677,365,1107,367,165,105,440,557
57,Citadel,32,10,22,0.313,-15.6,-4.39,3,15,6,8,3,13,2753,2962,,1285,1052,2050,0.513,226,642,0.352,632,900,0.702,413,1440,551,218,130,536,645
58,Clemson,31,17,14,0.548,12.22,7.06,10,8,13,4,3,8,2159,1999,,1250,723,1725,0.419,205,587,0.349,348,492,0.707,327,1062,375,157,88,357,560
59,Cleveland State,32,9,23,0.281,-9.12,0.15,4,14,5,9,3,10,1947,2169,,1285,738,1662,0.444,200,587,0.341,493,751,0.656,336,1121,436,203,102,431,562
60,Coastal Carolina,29,18,11,0.621,-1.65,-4.38,12,6,11,3,7,5,2167,1953,,1165,688,1730,0.398,220,722,0.305,357,546,0.654,328,1015,342,173,80,317,536
,,Overall,Overall,Overall,Overall,Overall,Overall,Conf.,Conf.,Home,Home,Away,Away,Points,Points,,,Opponent Totals,Opponent Totals,Opponent Totals,Opponent Totals,Opponent Totals,Opponent Totals,Opponent Totals,Opponent Totals,Opponent Totals,Opponent Totals,Opponent Totals,Opponent Totals,Opponent Totals,Opponent Totals,Opponent Totals,Opponent Totals
Rk,School,G,W,L,W-L%,SRS,SOS,W,L,W,L,W,L,Tm.,Opp.,,MP,FG,FGA,FG%,3P,3PA,3P%,FT,FTA,FT%,ORB,TRB,AST,STL,BLK,TOV,PF
61,Colgate,30,13,17,0.433,-8.4,-5.85,9,9,8,4,5,13,2093,2145,,1220,734,1599,0.459,222,595,0.373,455,664,0.685,301,1042,384,166,108,386,530
62,College of Charleston,31,17,14,0.548,2.67,0.34,8,10,10,5,6,8,2028,1921,,1250,657,1548,0.424,173,535,0.323,434,660,0.658,274,1056,312,165,103,441,571
63,Colorado State,34,18,16,0.529,2.24,1.46,8,10,12,5,3,8,2700,2626,,1400,918,2037,0.451,283,804,0.352,507,703,0.721,305,1176,470,206,103,357,774
64,Colorado,33,22,11,0.667,12.6,7.85,10,8,16,1,4,7,2509,2333,,1330,829,1980,0.419,206,579,0.356,469,693,0.677,313,1104,349,246,145,361,672
65,Columbia,31,21,10,0.677,2.36,-2.57,10,4,14,4,7,6,2362,2146,,1255,744,1687,0.441,236,660,0.358,422,608,0.694,280,1028,400,140,97,404,571
66,Connecticut,34,24,10,0.706,16.14,5.81,11,7,14,3,6,4,2496,2145,,1380,737,1930,0.382,232,709,0.327,439,667,0.658,379,1165,387,176,119,406,557
67,Coppin State,31,9,22,0.29,-15.33,-5.64,6,10,5,7,3,14,2240,2497,,1280,881,1872,0.471,222,602,0.369,513,799,0.642,399,1284,461,176,123,429,647
68,Cornell,28,10,18,0.357,-9.58,-1.06,3,11,5,8,5,10,1992,2193,,1130,765,1723,0.444,220,613,0.359,443,602,0.736,370,1198,458,156,106,407,512
69,Creighton,32,18,14,0.563,13.03,6.5,9,9,12,5,4,8,2546,2337,,1280,838,1910,0.439,222,631,0.352,439,636,0.69,310,1131,426,196,97,405,638
70,Dartmouth,28,10,18,0.357,-5.56,-3.27,4,10,8,6,2,12,1992,1989,,1130,678,1505,0.45,212,611,0.347,421,635,0.663,271,934,362,189,133,409,570
71,Davidson,32,20,12,0.625,5.96,5.03,10,8,15,1,3,9,2534,2492,,1285,915,1995,0.459,249,714,0.349,413,593,0.696,362,1250,448,178,104,367,635
72,Dayton,32,25,7,0.781,12.1,4.72,14,4,14,3,8,2,2342,2106,,1295,740,1829,0.405,234,671,0.349,392,595,0.659,284,1065,407,154,94,397,632
73,Delaware State,32,7,25,0.219,-20.56,-6.52,5,11,6,7,1,17,1980,2336,,1290,791,1821,0.434,248,769,0.322,506,740,0.684,435,1311,478,189,100,425,569
74,Delaware,30,7,23,0.233,-8.47,0.99,2,16,5,7,2,15,1986,2270,,1205,784,1800,0.436,296,850,0.348,406,574,0.707,311,1099,489,189,120,275,606
75,Denver,31,16,15,0.516,-3.13,-3.03,7,9,8,7,6,6,2021,2024,,1240,672,1480,0.454,193,521,0.37,487,642,0.759,276,945,367,177,87,440,549
76,DePaul,31,9,22,0.29,0.66,8.18,3,15,5,9,3,10,2092,2325,,1245,756,1711,0.442,246,675,0.364,567,766,0.74,317,1034,466,206,98,377,606
77,Detroit Mercy,31,16,15,0.516,-2.38,-0.76,9,9,11,4,4,10,2595,2567,,1245,862,1869,0.461,239,681,0.351,604,848,0.712,330,1107,447,195,125,414,694
78,Drake,31,7,24,0.226,-5.22,0.85,2,16,5,9,0,12,2093,2230,,1255,816,1805,0.452,219,594,0.369,379,543,0.698,297,1031,375,188,130,302,585
79,Drexel,31,6,25,0.194,-5.13,2.17,3,15,3,9,2,12,1958,2183,,1245,737,1600,0.461,189,520,0.363,520,759,0.685,285,1107,382,160,109,365,598
80,Duke,33,23,10,0.697,20.06,10.67,11,7,15,3,5,4,2688,2378,,1330,911,2046,0.445,201,593,0.339,355,519,0.684,419,1204,478,150,113,399,695
,,Overall,Overall,Overall,Overall,Overall,Overall,Conf.,Conf.,Home,Home,Away,Away,Points,Points,,,Opponent Totals,Opponent Totals,Opponent Totals,Opponent Totals,Opponent Totals,Opponent Totals,Opponent Totals,Opponent Totals,Opponent Totals,Opponent Totals,Opponent Totals,Opponent Totals,Opponent Totals,Opponent Totals,Opponent Totals,Opponent Totals
Rk,School,G,W,L,W-L%,SRS,SOS,W,L,W,L,W,L,Tm.,Opp.,,MP,FG,FGA,FG%,3P,3PA,3P%,FT,FTA,FT%,ORB,TRB,AST,STL,BLK,TOV,PF
81,Duquesne,32,16,16,0.5,1.69,1.56,6,12,9,6,4,7,2512,2483,,1290,832,2002,0.416,306,765,0.4,513,736,0.697,357,1203,545,197,98,375,591
82,East Carolina,32,12,20,0.375,-0.16,3.44,4,14,8,8,3,10,2186,2301,,1305,854,1911,0.447,249,752,0.331,344,511,0.673,370,1161,540,204,116,402,525
83,East Tennessee State,34,23,11,0.676,-0.94,-2.35,14,4,13,2,8,8,2644,2500,,1375,851,1963,0.434,239,730,0.327,559,775,0.721,375,1222,391,209,111,450,666
84,Eastern Illinois,30,13,17,0.433,-8.19,-3.37,9,7,9,5,4,9,2145,2213,,1220,766,1722,0.445,212,634,0.334,469,666,0.704,364,1161,419,184,77,410,595
85,Eastern Kentucky,31,15,16,0.484,-3.32,-3.66,6,10,10,6,5,10,2497,2453,,1240,837,1814,0.461,251,668,0.376,528,755,0.699,367,1101,514,206,82,467,666
86,Eastern Michigan,33,18,15,0.545,0.12,1.49,9,9,14,3,4,11,2553,2460,,1330,823,1956,0.421,276,790,0.349,538,778,0.692,441,1262,482,199,108,529,725
87,Eastern Washington,32,17,15,0.531,-4.46,-6.39,10,8,10,2,5,11,2620,2460,,1280,894,1837,0.487,181,490,0.369,491,706,0.695,299,1077,459,185,99,381,627
88,Elon,32,16,16,0.5,-0.39,0.94,7,11,8,8,8,7,2429,2413,,1285,884,1980,0.446,219,606,0.361,426,638,0.668,356,1218,396,204,128,377,621
89,Evansville,34,25,9,0.735,8.05,-0.44,12,6,13,3,8,4,2526,2221,,1370,794,1962,0.405,206,635,0.324,427,580,0.736,314,1101,406,194,120,436,718
90,Fairfield,32,19,13,0.594,-2.94,-2.69,12,8,11,4,7,7,2460,2468,,1305,876,2014,0.435,242,726,0.333,474,689,0.688,430,1296,440,191,85,444,617
91,Fairleigh Dickinson,32,18,14,0.563,-9.99,-8.32,11,7,9,6,9,8,2493,2504,,1295,834,1844,0.452,239,675,0.354,597,854,0.699,408,1233,460,203,114,492,620
92,Florida A&amp;M,29,8,21,0.276,-21.42,-10.34,4,12,6,6,1,14,1863,2128,,1190,746,1691,0.441,194,587,0.33,442,644,0.686,324,1143,339,221,84,434,597
93,Florida Atlantic,33,8,25,0.242,-10.17,-1.59,5,13,5,7,2,14,2189,2445,,1325,882,1928,0.457,172,484,0.355,507,715,0.709,373,1280,418,198,142,378,564
94,Florida Gulf Coast,33,20,13,0.606,-1.69,-4.41,8,6,16,4,4,8,2540,2325,,1355,823,1986,0.414,217,719,0.302,462,676,0.683,361,1161,386,217,100,406,618
95,Florida International,32,13,19,0.406,-5.16,-4.73,7,11,7,9,5,8,2277,2242,,1300,775,1900,0.408,237,729,0.325,455,665,0.684,366,1111,411,190,103,320,566
96,Florida State,32,19,13,0.594,12.63,8.32,8,10,10,4,4,7,2499,2361,,1285,823,1864,0.442,245,684,0.358,470,690,0.681,327,1076,413,172,99,434,625
97,Florida,33,19,14,0.576,14.95,9.92,9,9,12,4,4,8,2429,2263,,1325,790,1930,0.409,210,608,0.345,473,703,0.673,373,1256,382,178,119,427,682
98,Fordham,30,17,13,0.567,2.46,0.32,8,10,14,4,3,7,2140,2059,,1215,703,1569,0.448,203,612,0.332,450,639,0.704,260,973,445,196,86,465,547
99,Fresno State,34,25,9,0.735,5.25,1.78,13,5,16,2,6,7,2561,2395,,1380,785,1879,0.418,245,743,0.33,580,837,0.693,355,1237,414,150,107,509,689
100,Furman,33,18,15,0.545,-2.45,-4.12,11,7,13,1,3,12,2357,2196,,1320,767,1764,0.435,225,651,0.346,437,649,0.673,306,1034,379,206,92,421,644
,,Overall,Overall,Overall,Overall,Overall,Overall,Conf.,Conf.,Home,Home,Away,Away,Points,Points,,,Opponent Totals,Opponent Totals,Opponent Totals,Opponent Totals,Opponent Totals,Opponent Totals,Opponent Totals,Opponent Totals,Opponent Totals,Opponent Totals,Opponent Totals,Opponent Totals,Opponent Totals,Opponent Totals,Opponent Totals,Opponent Totals
Rk,School,G,W,L,W-L%,SRS,SOS,W,L,W,L,W,L,Tm.,Opp.,,MP,FG,FGA,FG%,3P,3PA,3P%,FT,FTA,FT%,ORB,TRB,AST,STL,BLK,TOV,PF
101,Gardner-Webb,33,17,16,0.515,-6.56,-3.59,10,8,9,4,5,11,2476,2451,,1335,840,1887,0.445,240,692,0.347,531,741,0.717,341,1215,431,213,103,462,609
102,George Mason,32,11,21,0.344,-1.66,3.74,5,13,7,8,2,11,2140,2313,,1290,827,1957,0.423,241,682,0.353,418,587,0.712,277,1107,406,175,124,221,589
103,George Washington,33,23,10,0.697,10.17,3.66,11,7,14,3,7,5,2483,2268,,1330,830,1915,0.433,230,674,0.341,378,534,0.708,312,1067,385,195,118,389,670
104,Georgetown,33,15,18,0.455,10.11,8.29,7,11,9,8,4,8,2430,2370,,1335,758,1839,0.412,199,571,0.349,655,907,0.722,343,1142,408,205,90,371,636
105,Georgia Southern,31,14,17,0.452,-5.46,-2.94,10,10,10,4,4,12,2353,2307,,1250,770,1763,0.437,235,713,0.33,532,769,0.692,374,1231,379,148,127,463,598
106,Georgia State,30,16,14,0.533,-2.68,-2.07,9,11,12,3,4,10,1971,1950,,1220,638,1559,0.409,205,639,0.321,469,646,0.726,307,1047,373,158,92,425,545
107,Georgia Tech,33,19,14,0.576,12.14,9.96,8,10,13,5,4,7,2417,2345,,1325,855,1932,0.443,191,596,0.32,444,621,0.715,322,1051,406,154,90,328,602
108,Georgia,32,19,13,0.594,10.03,8.94,10,8,14,4,3,8,2243,2208,,1290,715,1863,0.384,236,721,0.327,542,774,0.7,374,1148,354,203,123,342,674
109,Gonzaga,33,26,7,0.788,16.26,3.51,15,3,11,4,9,2,2630,2186,,1325,795,1992,0.399,198,666,0.297,398,565,0.704,333,1067,344,185,93,336,655
110,Grambling,31,7,24,0.226,-19.34,-8.2,4,14,5,7,2,15,1924,2110,,1250,727,1681,0.432,205,623,0.329,451,677,0.666,327,1116,400,204,111,425,572
111,Grand Canyon,32,26,6,0.813,1.86,-5.38,11,3,16,2,7,4,2459,2202,,1285,779,1833,0.425,215,668,0.322,429,645,0.665,317,1097,355,196,116,435,706
112,Green Bay,35,23,12,0.657,1.43,-1.27,11,7,11,3,8,9,2948,2788,,1415,981,2198,0.446,271,746,0.363,555,779,0.712,421,1413,495,202,161,589,771
113,Hampton,31,21,10,0.677,-8.2,-9.1,13,3,9,2,8,7,2318,2289,,1265,794,1876,0.423,203,616,0.33,498,688,0.724,319,1132,327,179,126,388,674
114,Hartford,33,10,23,0.303,-14.09,-5.49,4,12,4,12,6,11,2336,2588,,1345,918,1948,0.471,231,672,0.344,521,794,0.656,415,1389,504,174,109,438,625
115,Harvard,30,14,16,0.467,-0.93,-0.21,6,8,8,5,4,10,2001,1985,,1205,699,1720,0.406,186,609,0.305,401,563,0.712,307,1026,364,217,76,346,546
116,Hawaii,32,27,5,0.844,8.9,-1.9,13,3,16,3,7,2,2483,2128,,1285,719,1806,0.398,199,632,0.315,491,691,0.711,310,1050,352,190,83,471,727
117,High Point,31,21,10,0.677,0.19,-4.45,13,5,12,3,8,6,2407,2170,,1250,772,1722,0.448,227,658,0.345,399,568,0.702,326,1021,356,163,100,458,593
118,Hofstra,33,24,9,0.727,5.19,0.75,14,4,11,2,9,4,2601,2427,,1350,921,2116,0.435,252,720,0.35,333,498,0.669,377,1221,475,175,118,389,672
119,Holy Cross,33,14,19,0.424,-10.86,-6.52,5,13,8,6,5,13,2156,2299,,1345,803,1756,0.457,264,724,0.365,429,593,0.723,305,1176,476,182,100,434,616
120,Houston Baptist,33,17,16,0.515,-10.26,-5.08,10,8,12,3,4,10,2539,2513,,1320,883,2028,0.435,235,656,0.358,512,705,0.726,381,1149,493,226,119,410,730
,,Overall,Overall,Overall,Overall,Overall,Overall,Conf.,Conf.,Home,Home,Away,Away,Points,Points,,,Opponent Totals,Opponent Totals,Opponent Totals,Opponent Totals,Opponent Totals,Opponent Totals,Opponent Totals,Opponent Totals,Opponent Totals,Opponent Totals,Opponent Totals,Opponent Totals,Opponent Totals,Opponent Totals,Opponent Totals,Opponent Totals
Rk,School,G,W,L,W-L%,SRS,SOS,W,L,W,L,W,L,Tm.,Opp.,,MP,FG,FGA,FG%,3P,3PA,3P%,FT,FTA,FT%,ORB,TRB,AST,STL,BLK,TOV,PF
121,Houston,31,22,9,0.71,11.07,2.07,12,6,15,3,6,4,2414,2135,,1265,744,1784,0.417,187,627,0.298,460,654,0.703,382,1093,361,160,108,385,586
122,Howard,32,12,20,0.375,-14.12,-8.02,6,10,8,7,2,12,2311,2433,,1300,844,1983,0.426,242,723,0.335,503,739,0.681,438,1250,421,180,111,446,712
123,Idaho State,31,16,15,0.516,-9.65,-6.52,11,7,10,3,5,10,2297,2357,,1240,832,1859,0.448,247,738,0.335,446,648,0.688,334,1165,441,188,110,398,606
124,Idaho,33,21,12,0.636,-4.74,-5.62,12,6,11,4,8,6,2309,2183,,1325,726,1753,0.414,260,785,0.331,471,699,0.674,282,976,402,242,100,423,693
125,Illinois-Chicago,30,5,25,0.167,-14.53,-0.81,3,15,5,10,0,13,2019,2348,,1220,803,1878,0.428,225,632,0.356,515,727,0.708,363,1209,489,217,155,351,660
126,Illinois State,32,18,14,0.563,3.32,2.51,12,6,13,3,5,8,2149,2114,,1285,734,1744,0.421,206,644,0.32,440,648,0.679,312,1128,391,192,93,436,590
127,Illinois,34,15,19,0.441,4.8,7.45,5,13,7,8,2,8,2452,2542,,1395,930,2013,0.462,298,773,0.386,384,534,0.719,320,1262,503,169,124,458,613
128,Incarnate Word,29,17,12,0.586,-8.97,-5.97,12,6,10,3,7,9,2145,2140,,1165,769,1680,0.458,208,574,0.362,394,603,0.653,290,1069,419,184,115,390,597
129,Indiana State,32,15,17,0.469,-0.04,2.12,8,10,10,4,2,11,2170,2222,,1295,745,1792,0.416,192,594,0.323,540,779,0.693,296,1195,351,195,106,402,659
130,Indiana,32,25,7,0.781,19.81,6.44,15,3,17,0,6,4,2633,2205,,1285,821,1859,0.442,200,583,0.343,363,545,0.666,327,965,386,195,97,418,603
131,Iona,32,22,10,0.688,3.99,-1.95,16,4,11,2,8,6,2547,2357,,1285,812,1929,0.421,247,696,0.355,486,699,0.695,383,1199,434,184,92,450,589
132,Iowa State,32,21,11,0.656,17.6,10.73,10,8,14,2,4,7,2619,2399,,1295,903,2075,0.435,249,740,0.336,344,502,0.685,382,1159,452,179,91,396,506
133,Iowa,31,21,10,0.677,18.05,8.66,12,6,13,2,6,5,2421,2130,,1245,788,1901,0.415,228,735,0.31,326,479,0.681,375,1148,419,165,92,406,606
134,IPFW,33,24,9,0.727,0.61,-1.87,12,4,12,1,10,6,2646,2506,,1330,909,1986,0.458,271,703,0.385,417,606,0.688,304,1126,424,191,96,372,649
135,IUPUI,32,13,19,0.406,-5.66,0.31,9,7,9,2,4,15,2181,2362,,1290,843,1836,0.459,186,552,0.337,490,697,0.703,309,1147,383,239,142,404,566
136,Jackson State,35,20,15,0.571,-8.37,-9.59,12,6,11,2,6,12,2401,2288,,1425,731,1871,0.391,204,666,0.306,622,888,0.7,351,1305,376,209,131,508,640
137,Jacksonville State,31,8,23,0.258,-10.06,-3.75,4,12,5,10,2,12,2100,2234,,1245,783,1685,0.465,179,543,0.33,489,706,0.693,337,1163,381,139,86,387,571
138,Jacksonville,32,16,16,0.5,-9.26,-6.01,8,6,12,3,4,11,2444,2431,,1290,862,1931,0.446,288,812,0.355,419,633,0.662,305,1200,456,157,101,413,596
139,James Madison,32,21,11,0.656,6.45,0.77,11,7,12,6,9,3,2405,2197,,1305,742,1874,0.396,231,795,0.291,482,684,0.705,332,1135,386,181,75,344,623
140,Kansas State,33,17,16,0.515,12.85,10.34,5,13,12,5,2,9,2334,2251,,1345,776,1789,0.434,201,649,0.31,498,723,0.689,344,1089,448,226,134,471,705
,,Overall,Overall,Overall,Overall,Overall,Overall,Conf.,Conf.,Home,Home,Away,Away,Points,Points,,,Opponent Totals,Opponent Totals,Opponent Totals,Opponent Totals,Opponent Totals,Opponent Totals,Opponent Totals,Opponent Totals,Opponent Totals,Opponent Totals,Opponent Totals,Opponent Totals,Opponent Totals,Opponent Totals,Opponent Totals,Opponent Totals
Rk,School,G,W,L,W-L%,SRS,SOS,W,L,W,L,W,L,Tm.,Opp.,,MP,FG,FGA,FG%,3P,3PA,3P%,FT,FTA,FT%,ORB,TRB,AST,STL,BLK,TOV,PF
141,Kansas,34,30,4,0.882,24.41,11.72,15,3,16,0,7,3,2773,2303,,1380,784,1970,0.398,210,646,0.325,525,729,0.72,368,1117,380,215,112,454,698
142,Kennesaw State,31,11,20,0.355,-8.47,-1.51,7,7,8,6,3,14,2239,2399,,1245,857,1833,0.468,216,643,0.336,469,684,0.686,378,1169,415,209,102,398,589
143,Kent State,32,19,13,0.594,-1.33,-1.26,10,8,13,3,6,8,2361,2317,,1290,810,1826,0.444,230,641,0.359,467,631,0.74,308,1074,436,172,91,375,659
144,Kentucky,34,26,8,0.765,20.51,9.1,13,5,17,0,4,7,2709,2321,,1375,782,1954,0.4,192,582,0.33,565,807,0.7,407,1133,311,144,104,410,674
145,La Salle,31,9,22,0.29,-5.99,4.74,4,14,7,9,1,12,1987,2279,,1240,802,1749,0.459,234,626,0.374,441,608,0.725,353,1173,466,180,121,403,506
146,Lafayette,30,6,24,0.2,-14.79,-5.79,3,15,4,9,2,15,2142,2412,,1235,853,1838,0.464,239,669,0.357,467,645,0.724,350,1192,450,188,109,358,561
147,Lamar,30,11,19,0.367,-14.55,-8.63,3,15,7,9,4,10,2263,2310,,1200,773,1736,0.445,204,601,0.339,560,799,0.701,345,1125,468,201,101,441,642
148,Lehigh,32,17,15,0.531,-4.21,-4.99,13,5,10,5,7,9,2268,2210,,1280,795,1825,0.436,254,705,0.36,366,513,0.713,321,1056,475,191,115,399,553
149,Liberty,32,13,19,0.406,-10.08,-3.39,10,8,8,6,5,9,2070,2188,,1280,747,1637,0.456,215,603,0.357,479,693,0.691,282,1042,399,219,67,388,528
150,Lipscomb,33,12,21,0.364,-8.78,-3.75,7,7,6,9,5,9,2590,2689,,1340,922,2057,0.448,305,825,0.37,540,735,0.735,374,1273,527,222,125,441,653
151,Long Beach State,34,20,14,0.588,4.26,4.6,12,4,11,2,6,9,2511,2461,,1375,854,1944,0.439,253,727,0.348,500,741,0.675,367,1294,475,182,125,479,696
152,Long Island University,31,16,15,0.516,-11.46,-10.68,9,9,8,6,8,9,2362,2386,,1255,837,1857,0.451,217,587,0.37,495,706,0.701,355,1167,461,181,105,451,685
153,Longwood,33,10,23,0.303,-11.1,-4.84,5,13,5,8,4,12,2397,2503,,1330,853,1913,0.446,306,821,0.373,491,674,0.728,322,1124,487,238,93,407,623
154,Louisiana-Lafayette,31,17,14,0.548,2.11,-1.86,12,8,12,2,4,11,2464,2265,,1250,799,1830,0.437,191,529,0.361,476,675,0.705,294,1024,346,177,112,374,702
155,Louisiana-Monroe,33,20,13,0.606,0.2,-1.16,15,5,13,0,6,10,2414,2302,,1350,804,1950,0.412,246,742,0.332,448,626,0.716,371,1138,380,176,95,380,573
156,Louisiana State,33,19,14,0.576,9.23,7.44,11,7,15,3,3,8,2602,2543,,1330,915,2021,0.453,262,749,0.35,451,675,0.668,367,1233,450,197,109,452,689
157,Louisiana Tech,32,23,9,0.719,0.23,-4.4,12,6,16,1,7,7,2541,2307,,1305,833,1948,0.428,199,641,0.31,442,650,0.68,354,1204,427,184,98,460,661
158,Louisville,31,23,8,0.742,21.79,7.95,12,6,18,1,4,7,2324,1895,,1240,631,1616,0.39,183,570,0.321,450,654,0.688,317,981,325,169,90,442,555
159,Loyola (IL),32,15,17,0.469,-0.82,0.99,7,11,9,7,4,7,2059,2082,,1295,726,1676,0.433,198,568,0.349,432,597,0.724,317,1126,403,188,122,473,587
160,Loyola Marymount,31,14,17,0.452,-3.46,1.04,6,12,8,6,5,10,2208,2319,,1265,775,1686,0.46,250,667,0.375,519,717,0.724,324,1156,499,169,108,437,572
,,Overall,Overall,Overall,Overall,Overall,Overall,Conf.,Conf.,Home,Home,Away,Away,Points,Points,,,Opponent Totals,Opponent Totals,Opponent Totals,Opponent Totals,Opponent Totals,Opponent Totals,Opponent Totals,Opponent Totals,Opponent Totals,Opponent Totals,Opponent Totals,Opponent Totals,Opponent Totals,Opponent Totals,Opponent Totals,Opponent Totals
Rk,School,G,W,L,W-L%,SRS,SOS,W,L,W,L,W,L,Tm.,Opp.,,MP,FG,FGA,FG%,3P,3PA,3P%,FT,FTA,FT%,ORB,TRB,AST,STL,BLK,TOV,PF
161,Loyola (MD),30,9,21,0.3,-10.54,-4.88,8,10,5,9,4,12,2090,2260,,1230,784,1707,0.459,208,559,0.372,484,698,0.693,318,1048,420,181,130,352,566
162,Maine,30,8,22,0.267,-17.18,-6.28,4,12,5,8,3,14,2279,2606,,1215,934,1880,0.497,219,593,0.369,519,714,0.727,342,1212,535,252,142,494,590
163,Manhattan,31,13,18,0.419,-7.07,-2.72,9,11,8,6,4,11,2133,2268,,1255,769,1643,0.468,176,523,0.337,554,769,0.72,324,1113,464,202,104,490,628
164,Marist,30,7,23,0.233,-11.29,-4.13,4,16,4,10,2,12,2145,2360,,1220,833,1776,0.469,238,623,0.382,456,650,0.702,336,1150,448,192,88,355,581
165,Marquette,33,20,13,0.606,7.54,5.45,8,10,12,7,5,5,2517,2448,,1340,886,2073,0.427,246,718,0.343,430,580,0.741,385,1181,534,231,108,460,674
166,Marshall,33,17,16,0.515,0.96,-0.16,12,6,10,4,5,9,2838,2801,,1330,1009,2160,0.467,241,644,0.374,542,776,0.698,397,1339,454,217,85,437,606
167,Maryland-Baltimore County,32,7,25,0.219,-15.17,-6.67,3,13,4,9,3,15,2307,2579,,1290,904,1821,0.496,254,668,0.38,517,707,0.731,300,1141,487,206,98,441,646
168,Maryland-Eastern Shore,32,10,22,0.313,-13.92,-5.85,7,9,7,4,3,17,2178,2399,,1295,790,1713,0.461,233,661,0.352,586,837,0.7,306,1042,436,213,109,420,571
169,Maryland,33,25,8,0.758,17.4,8.27,12,6,16,1,4,6,2510,2187,,1325,798,1954,0.408,223,693,0.322,368,526,0.7,363,1079,374,208,93,376,606
170,Massachusetts-Lowell,29,11,18,0.379,-13.43,-6.01,7,9,6,6,5,12,2221,2401,,1170,850,1776,0.479,230,625,0.368,471,664,0.709,338,1084,408,240,85,417,553
171,Massachusetts,32,14,18,0.438,0.75,3.06,6,12,9,7,3,9,2353,2427,,1300,823,1928,0.427,215,687,0.313,566,776,0.729,365,1242,469,184,110,398,607
172,McNeese State,29,9,20,0.31,-15.03,-6.53,7,11,7,6,2,13,2083,2301,,1185,822,1785,0.461,206,551,0.374,451,662,0.681,357,1163,452,183,94,336,521
173,Memphis,34,19,15,0.559,10.15,3.89,8,10,14,6,2,8,2603,2390,,1370,825,2062,0.4,203,666,0.305,537,791,0.679,396,1303,431,229,163,477,720
174,Mercer,33,19,14,0.576,-2.52,-4.26,8,10,10,3,3,10,2389,2274,,1350,764,1892,0.404,300,842,0.356,446,622,0.717,322,1034,446,217,137,357,614
175,Miami (FL),32,25,7,0.781,19.32,10.51,13,5,15,1,6,5,2420,2138,,1285,790,1839,0.43,184,548,0.336,374,529,0.707,330,1038,365,163,85,371,606
176,Miami (OH),33,13,20,0.394,-5.66,-0.01,6,12,10,8,3,11,2089,2249,,1320,748,1724,0.434,261,730,0.358,492,656,0.75,330,1159,422,175,101,457,633
177,Michigan State,34,29,5,0.853,23.81,7.43,13,5,14,2,7,3,2712,2155,,1370,741,1966,0.377,193,639,0.302,480,669,0.717,320,1027,361,181,110,323,593
178,Michigan,34,22,12,0.647,14.36,8.12,10,8,13,4,4,6,2526,2294,,1365,844,1896,0.445,240,695,0.345,366,504,0.726,296,1121,449,138,100,405,556
179,Middle Tennessee,33,24,9,0.727,2.26,-1.84,13,5,11,3,8,6,2399,2254,,1325,767,1799,0.426,213,620,0.344,507,757,0.67,298,1146,385,194,88,445,621
180,Milwaukee,33,20,13,0.606,2.94,-1.97,10,8,9,4,7,6,2618,2391,,1345,882,1966,0.449,239,628,0.381,388,558,0.695,292,1117,429,169,99,360,670
,,Overall,Overall,Overall,Overall,Overall,Overall,Conf.,Conf.,Home,Home,Away,Away,Points,Points,,,Opponent Totals,Opponent Totals,Opponent Totals,Opponent Totals,Opponent Totals,Opponent Totals,Opponent Totals,Opponent Totals,Opponent Totals,Opponent Totals,Opponent Totals,Opponent Totals,Opponent Totals,Opponent Totals,Opponent Totals,Opponent Totals
Rk,School,G,W,L,W-L%,SRS,SOS,W,L,W,L,W,L,Tm.,Opp.,,MP,FG,FGA,FG%,3P,3PA,3P%,FT,FTA,FT%,ORB,TRB,AST,STL,BLK,TOV,PF
181,Minnesota,31,8,23,0.258,1.26,7.26,2,16,7,10,0,9,2108,2294,,1255,807,1789,0.451,235,615,0.382,445,611,0.728,312,1168,471,172,119,382,607
182,Mississippi State,31,14,17,0.452,8.61,6.45,7,11,10,5,2,9,2323,2256,,1245,791,1837,0.431,214,623,0.343,460,666,0.691,377,1145,387,196,110,401,522
183,Mississippi Valley State,35,8,27,0.229,-19.62,-7.88,6,12,3,6,3,19,2293,2704,,1425,973,2152,0.452,250,825,0.303,508,757,0.671,458,1480,506,229,148,490,622
184,Mississippi,32,20,12,0.625,8.3,5.21,10,8,12,2,7,7,2405,2306,,1290,779,1821,0.428,249,702,0.355,499,740,0.674,363,1166,459,211,136,453,676
185,Missouri-Kansas City,31,12,19,0.387,-6.1,-2.02,4,10,9,4,2,13,2152,2240,,1245,734,1703,0.431,223,649,0.344,549,747,0.735,332,1066,426,178,116,378,616
186,Missouri State,32,13,19,0.406,-3.58,2.51,8,10,8,7,4,8,2153,2321,,1290,818,1841,0.444,240,656,0.366,445,637,0.699,311,1158,469,209,83,393,625
187,Missouri,31,10,21,0.323,2.95,7.34,3,15,10,7,0,11,2126,2262,,1240,759,1791,0.424,236,702,0.336,508,730,0.696,345,1152,428,180,133,349,594
188,Monmouth,34,27,7,0.794,5.93,-1.81,17,3,10,1,13,4,2700,2437,,1370,815,2089,0.39,271,873,0.31,536,770,0.696,432,1333,409,201,140,514,685
189,Montana State,31,14,17,0.452,-6.86,-5.29,9,9,8,3,4,12,2369,2411,,1245,820,1732,0.473,231,629,0.367,540,791,0.683,289,1087,405,178,119,364,607
190,Montana,32,21,11,0.656,-0.54,-4.37,14,4,12,2,7,8,2318,2146,,1290,719,1680,0.428,196,617,0.318,512,722,0.709,259,1014,326,199,100,409,645
191,Morehead State,31,19,12,0.613,0.62,-2.28,11,5,12,2,6,9,2243,2084,,1250,666,1537,0.433,192,542,0.354,560,779,0.719,284,983,335,165,130,454,635
192,Morgan State,31,9,22,0.29,-12.19,-7.59,6,10,6,6,2,15,2089,2223,,1250,800,1756,0.456,177,562,0.315,446,658,0.678,363,1205,430,175,135,452,604
193,Mount St. Mary's,33,14,19,0.424,-9.58,-7.64,10,8,9,3,5,15,2218,2282,,1335,801,1766,0.454,172,510,0.337,508,713,0.712,358,1299,362,198,101,569,590
194,Murray State,31,17,14,0.548,-1.47,-2.96,10,6,10,4,4,8,2212,2093,,1245,719,1580,0.455,191,528,0.362,464,647,0.717,255,969,366,172,70,409,591
195,Navy,33,19,14,0.576,-4.72,-6.78,9,9,6,9,11,4,2230,2135,,1340,707,1713,0.413,252,711,0.354,469,666,0.704,302,1031,412,195,97,438,661
196,Nebraska-Omaha,31,18,13,0.581,0.26,-1.88,10,6,9,4,7,8,2617,2499,,1255,872,1914,0.456,238,677,0.352,517,685,0.755,345,1136,429,194,118,470,668
197,Nebraska,34,16,18,0.471,9.16,5.9,6,12,10,8,3,8,2456,2345,,1370,799,1822,0.439,227,619,0.367,520,723,0.719,321,1130,428,179,127,446,619
198,Nevada-Las Vegas,33,18,15,0.545,5.46,3.14,8,10,13,3,2,10,2581,2427,,1350,831,2004,0.415,213,647,0.329,552,792,0.697,383,1281,390,212,114,500,717
199,Nevada,32,19,13,0.594,2.09,2.22,10,8,11,3,5,9,2383,2287,,1305,761,1940,0.392,219,692,0.316,546,804,0.679,390,1250,422,189,101,428,649
200,New Hampshire,31,19,12,0.613,-8.24,-7.14,11,5,11,3,8,9,2203,2164,,1250,765,1771,0.432,224,651,0.344,410,582,0.704,239,1045,316,162,109,330,607
,,Overall,Overall,Overall,Overall,Overall,Overall,Conf.,Conf.,Home,Home,Away,Away,Points,Points,,,Opponent Totals,Opponent Totals,Opponent Totals,Opponent Totals,Opponent Totals,Opponent Totals,Opponent Totals,Opponent Totals,Opponent Totals,Opponent Totals,Opponent Totals,Opponent Totals,Opponent Totals,Opponent Totals,Opponent Totals,Opponent Totals
Rk,School,G,W,L,W-L%,SRS,SOS,W,L,W,L,W,L,Tm.,Opp.,,MP,FG,FGA,FG%,3P,3PA,3P%,FT,FTA,FT%,ORB,TRB,AST,STL,BLK,TOV,PF
201,New Mexico State,33,23,10,0.697,3.51,-3.91,13,1,15,2,7,7,2368,2087,,1340,756,1942,0.389,209,619,0.338,366,545,0.672,324,1036,351,176,66,365,675
202,New Mexico,32,17,15,0.531,5.14,2.51,10,8,12,4,5,7,2432,2348,,1285,807,1919,0.421,247,761,0.325,487,711,0.685,345,1053,452,249,130,393,679
203,New Orleans,30,10,20,0.333,-14.03,-8,6,12,7,5,3,14,2249,2325,,1205,785,1725,0.455,227,633,0.359,528,736,0.717,346,1113,444,243,140,493,673
204,Niagara,32,7,25,0.219,-10.91,-3.51,5,15,5,8,1,14,2067,2304,,1300,788,1854,0.425,240,673,0.357,488,658,0.742,356,1144,460,195,134,369,572
205,Nicholls State,34,11,23,0.324,-16.48,-5.03,6,12,8,4,1,17,2298,2598,,1375,909,2031,0.448,222,642,0.346,558,796,0.701,421,1345,479,277,125,471,714
206,NJIT,31,17,14,0.548,-4.95,-4.95,8,6,9,6,8,8,2339,2310,,1250,804,1819,0.442,266,753,0.353,436,662,0.659,349,1127,470,186,118,424,592
207,Norfolk State,33,17,16,0.515,-6.58,-6.77,12,4,9,2,7,9,2440,2408,,1330,792,1880,0.421,255,692,0.368,569,791,0.719,398,1168,459,137,119,439,661
208,North Carolina-Asheville,33,22,11,0.667,1.65,-3.81,12,6,11,3,6,7,2496,2227,,1330,802,1897,0.423,192,677,0.284,431,616,0.7,353,1172,354,222,79,517,659
209,North Carolina A&amp;T,32,10,22,0.313,-16.46,-8.17,7,9,8,6,2,13,2169,2433,,1305,796,1791,0.444,254,749,0.339,587,867,0.677,356,1188,473,189,101,400,621
210,North Carolina Central,32,13,19,0.406,-12.6,-9.64,7,9,8,5,3,12,2220,2235,,1285,770,1787,0.431,226,660,0.342,469,673,0.697,356,1117,420,175,123,423,606
211,North Carolina-Greensboro,32,14,18,0.438,-5.71,-2.78,10,8,11,4,3,13,2333,2357,,1290,788,1789,0.44,268,721,0.372,513,690,0.743,298,1110,436,160,94,385,586
212,North Carolina State,33,16,17,0.485,10.09,9.3,5,13,11,7,3,8,2482,2456,,1330,883,2016,0.438,275,735,0.374,415,598,0.694,371,1173,469,205,136,338,680
213,North Carolina-Wilmington,32,25,7,0.781,6.37,0,14,4,12,2,8,5,2535,2286,,1295,729,1748,0.417,171,507,0.337,657,933,0.704,362,1170,333,159,100,483,645
214,North Carolina,34,28,6,0.824,23.04,10.34,14,4,15,1,6,5,2797,2365,,1360,838,2045,0.41,262,728,0.36,425,608,0.699,390,1114,383,196,105,446,617
215,North Dakota State,33,20,13,0.606,-0.68,-2.74,8,8,12,1,4,11,2271,2129,,1325,772,1830,0.422,185,573,0.323,400,568,0.704,295,1114,375,177,93,378,589
216,North Dakota,32,17,15,0.531,-3.78,-5.16,10,8,10,4,4,9,2388,2277,,1295,802,1844,0.435,246,718,0.343,427,684,0.624,301,1153,432,203,92,470,654
217,North Florida,33,22,11,0.667,-0.97,-4.53,10,4,14,2,7,9,2797,2607,,1320,1014,2193,0.462,189,577,0.328,390,581,0.671,435,1277,477,199,82,358,599
218,North Texas,32,12,20,0.375,-9.77,-3.17,7,11,11,7,1,12,2386,2505,,1285,864,1878,0.46,232,645,0.36,545,784,0.695,347,1179,428,226,118,400,689
219,Northeastern,33,18,15,0.545,1.91,1.66,9,9,7,7,8,7,2376,2339,,1365,883,1935,0.456,221,655,0.337,352,540,0.652,335,1161,485,188,109,395,634
220,Northern Arizona,30,5,25,0.167,-18.11,-2.65,3,15,4,9,1,15,2054,2438,,1225,864,1812,0.477,268,692,0.387,442,609,0.726,304,1186,457,186,102,377,549
,,Overall,Overall,Overall,Overall,Overall,Overall,Conf.,Conf.,Home,Home,Away,Away,Points,Points,,,Opponent Totals,Opponent Totals,Opponent Totals,Opponent Totals,Opponent Totals,Opponent Totals,Opponent Totals,Opponent Totals,Opponent Totals,Opponent Totals,Opponent Totals,Opponent Totals,Opponent Totals,Opponent Totals,Opponent Totals,Opponent Totals
Rk,School,G,W,L,W-L%,SRS,SOS,W,L,W,L,W,L,Tm.,Opp.,,MP,FG,FGA,FG%,3P,3PA,3P%,FT,FTA,FT%,ORB,TRB,AST,STL,BLK,TOV,PF
221,Northern Colorado,31,10,21,0.323,-12.03,-3.82,7,11,7,9,3,10,2292,2482,,1240,811,1714,0.473,264,682,0.387,596,803,0.742,313,1072,449,178,97,381,632
222,Northern Illinois,33,21,12,0.636,-0.11,-1.11,9,9,18,1,3,10,2400,2215,,1330,733,1825,0.402,259,753,0.344,490,726,0.675,329,1148,421,192,116,471,696
223,Northern Iowa,34,22,12,0.647,8.22,3.58,11,7,11,3,6,8,2312,2139,,1365,794,1884,0.421,239,740,0.323,312,431,0.724,306,1156,416,164,91,397,620
224,Northern Kentucky,30,9,21,0.3,-6.79,-0.62,5,13,7,7,2,13,2116,2233,,1210,754,1721,0.438,202,559,0.361,523,711,0.736,311,1071,397,201,112,347,529
225,Northwestern State,28,8,20,0.286,-15.52,-5.44,5,13,6,7,2,13,2224,2413,,1120,870,1798,0.484,203,581,0.349,470,662,0.71,393,1103,475,236,91,388,565
226,Northwestern,32,20,12,0.625,10.51,4.48,8,10,14,4,5,6,2304,2111,,1305,716,1784,0.401,227,658,0.345,452,625,0.723,325,1103,448,157,97,345,544
227,Notre Dame,32,21,11,0.656,14.26,9.13,11,7,14,2,5,5,2423,2259,,1285,821,1918,0.428,246,655,0.376,371,515,0.72,366,1091,428,167,99,310,554
228,Oakland,32,21,11,0.656,5.68,-1.73,13,5,8,4,11,5,2762,2525,,1285,898,2068,0.434,257,732,0.351,472,668,0.707,370,1167,493,170,101,392,668
229,Ohio State,33,20,13,0.606,9.8,7.37,11,7,14,5,4,6,2324,2244,,1335,787,1942,0.405,242,709,0.341,428,596,0.718,359,1176,403,162,72,395,633
230,Ohio,32,21,11,0.656,2.32,-0.94,11,7,14,2,5,6,2508,2383,,1285,833,1907,0.437,236,648,0.364,481,663,0.725,302,1082,380,188,87,330,627
231,Oklahoma State,32,12,20,0.375,8.76,9.39,3,15,8,8,1,9,2128,2148,,1295,725,1769,0.41,216,631,0.342,482,723,0.667,383,1151,359,205,94,368,617
232,Oklahoma,32,25,7,0.781,20.91,10.94,12,6,14,1,7,5,2573,2254,,1295,819,2023,0.405,241,709,0.34,375,553,0.678,383,1163,342,227,105,406,611
233,Old Dominion,35,22,13,0.629,4.11,-2.55,12,6,11,4,7,6,2397,2164,,1410,738,1857,0.397,205,660,0.311,483,676,0.714,339,1142,367,150,117,380,636
234,Oral Roberts,31,14,17,0.452,-2.45,0.83,6,10,8,4,4,12,2356,2384,,1245,861,1909,0.451,227,619,0.367,435,595,0.731,324,1092,386,184,82,352,594
235,Oregon State,31,19,12,0.613,10.99,9.55,9,9,12,3,4,7,2234,2169,,1240,739,1732,0.427,222,675,0.329,469,678,0.692,355,1140,432,157,117,418,581
236,Oregon,34,28,6,0.824,18.14,8.99,14,4,18,0,5,5,2680,2350,,1365,836,1970,0.424,243,670,0.363,435,623,0.698,376,1121,445,158,107,488,702
237,Pacific,28,8,20,0.286,-3.46,2.47,6,12,6,8,2,11,1948,2009,,1140,650,1528,0.425,201,561,0.358,508,727,0.699,279,969,354,169,93,337,563
238,Penn State,32,16,16,0.5,3.58,7.36,7,11,11,4,3,8,2107,2228,,1290,739,1744,0.424,225,615,0.366,525,741,0.709,324,1152,382,183,104,375,586
239,Pennsylvania,28,11,17,0.393,-6.27,-2.23,5,9,9,6,2,11,1911,2013,,1130,732,1653,0.443,181,520,0.348,368,550,0.669,308,1030,347,175,102,323,512
240,Pepperdine,31,18,13,0.581,2.89,1.99,10,8,10,3,6,7,2277,2208,,1260,810,1850,0.438,195,628,0.311,393,589,0.667,333,1105,409,170,85,346,631
,,Overall,Overall,Overall,Overall,Overall,Overall,Conf.,Conf.,Home,Home,Away,Away,Points,Points,,,Opponent Totals,Opponent Totals,Opponent Totals,Opponent Totals,Opponent Totals,Opponent Totals,Opponent Totals,Opponent Totals,Opponent Totals,Opponent Totals,Opponent Totals,Opponent Totals,Opponent Totals,Opponent Totals,Opponent Totals,Opponent Totals
Rk,School,G,W,L,W-L%,SRS,SOS,W,L,W,L,W,L,Tm.,Opp.,,MP,FG,FGA,FG%,3P,3PA,3P%,FT,FTA,FT%,ORB,TRB,AST,STL,BLK,TOV,PF
241,Pittsburgh,32,21,11,0.656,15.71,8.65,9,9,15,4,3,6,2433,2173,,1290,781,1791,0.436,218,612,0.356,393,593,0.663,303,985,431,180,108,373,586
242,Portland State,31,13,18,0.419,-8,-5.79,8,10,8,6,4,11,2408,2409,,1240,875,1878,0.466,233,617,0.378,426,607,0.702,336,1130,448,211,74,439,601
243,Portland,32,12,20,0.375,-2.11,0.67,6,12,8,7,3,9,2483,2552,,1285,871,1928,0.452,264,693,0.381,546,784,0.696,394,1230,449,181,118,431,625
244,Prairie View,31,7,24,0.226,-17.13,-6.52,7,11,4,6,3,16,1873,2202,,1240,748,1637,0.457,164,536,0.306,542,776,0.698,366,1167,415,221,140,498,591
245,Presbyterian,31,11,20,0.355,-13.03,-4.64,5,13,7,8,3,11,2093,2259,,1245,781,1751,0.446,243,726,0.335,454,665,0.683,325,1116,414,217,129,422,566
246,Princeton,28,22,6,0.786,7.36,-2.05,12,2,13,0,9,5,2213,1903,,1130,709,1628,0.436,165,469,0.352,320,482,0.664,259,940,325,160,111,362,516
247,Providence,33,23,10,0.697,11.87,7.63,10,8,13,4,7,4,2441,2301,,1335,850,1956,0.435,211,658,0.321,390,544,0.717,356,1216,435,196,110,481,666
248,Purdue,34,26,8,0.765,21.02,7.87,12,6,17,1,5,5,2643,2196,,1365,794,2029,0.391,210,670,0.313,398,563,0.707,302,1029,407,204,101,316,690
249,Quinnipiac,30,9,21,0.3,-9.96,-4.56,6,14,6,8,3,11,1969,2131,,1215,729,1755,0.415,174,562,0.31,499,704,0.709,333,1127,392,234,120,369,557
250,Radford,31,16,15,0.516,-4.83,-3.1,9,9,8,6,7,7,2266,2248,,1270,818,1819,0.45,182,550,0.331,430,610,0.705,334,1077,367,230,98,366,527
251,Rhode Island,32,17,15,0.531,8.1,3.47,9,9,13,4,3,9,2220,2072,,1295,713,1672,0.426,165,495,0.333,481,662,0.727,280,1038,306,187,111,397,594
252,Rice,32,12,20,0.375,-8.66,-2.56,7,11,9,8,3,11,2427,2576,,1285,915,1901,0.481,277,670,0.413,469,669,0.701,346,1145,491,227,96,426,662
253,Richmond,32,16,16,0.5,7.47,4.75,7,11,9,7,5,7,2450,2363,,1295,837,1858,0.45,217,602,0.36,472,670,0.704,357,1188,425,151,87,402,611
254,Rider,33,13,20,0.394,-4.6,-3.2,8,12,7,6,4,12,2177,2223,,1340,767,1862,0.412,245,721,0.34,444,603,0.736,350,1173,418,223,90,400,610
255,Robert Morris,32,10,22,0.313,-13.28,-7.5,8,10,4,8,5,14,2082,2267,,1285,800,1843,0.434,222,662,0.335,445,607,0.733,392,1253,500,200,117,489,553
256,Rutgers,32,7,25,0.219,-6.7,6.78,1,17,7,11,0,11,2166,2571,,1295,940,2074,0.453,265,711,0.373,426,625,0.682,441,1334,512,230,131,374,573
257,Sacramento State,31,14,17,0.452,-8.45,-5.14,6,12,10,5,3,11,2210,2237,,1245,789,1839,0.429,216,684,0.316,443,663,0.668,366,1182,443,195,99,375,577
258,Sacred Heart,30,12,18,0.4,-12.67,-8.7,11,7,6,5,5,13,2217,2336,,1210,811,1805,0.449,222,618,0.359,492,711,0.692,359,1114,436,195,121,394,616
259,Saint Francis (PA),30,13,17,0.433,-12.25,-8.73,9,9,8,6,5,11,2110,2181,,1210,796,1776,0.448,204,642,0.318,385,534,0.721,329,1062,406,173,119,345,602
260,Saint Joseph's,34,27,7,0.794,11.93,4.25,13,5,12,4,10,2,2638,2377,,1365,875,2110,0.415,270,872,0.31,357,517,0.691,337,1212,435,156,90,390,672
,,Overall,Overall,Overall,Overall,Overall,Overall,Conf.,Conf.,Home,Home,Away,Away,Points,Points,,,Opponent Totals,Opponent Totals,Opponent Totals,Opponent Totals,Opponent Totals,Opponent Totals,Opponent Totals,Opponent Totals,Opponent Totals,Opponent Totals,Opponent Totals,Opponent Totals,Opponent Totals,Opponent Totals,Opponent Totals,Opponent Totals
Rk,School,G,W,L,W-L%,SRS,SOS,W,L,W,L,W,L,Tm.,Opp.,,MP,FG,FGA,FG%,3P,3PA,3P%,FT,FTA,FT%,ORB,TRB,AST,STL,BLK,TOV,PF
261,Saint Louis,32,11,21,0.344,-2.64,3.58,5,13,7,11,3,8,2106,2305,,1290,780,1800,0.433,240,731,0.328,505,708,0.713,316,1196,447,191,138,414,641
262,Saint Mary's (CA),32,27,5,0.844,14.36,0.74,15,3,18,1,7,3,2397,1951,,1280,733,1784,0.411,189,568,0.333,296,444,0.667,296,936,345,140,75,311,560
263,Saint Peter's,30,14,16,0.467,-4.62,-3.92,12,8,9,5,5,10,1966,1987,,1210,693,1682,0.412,221,649,0.341,380,533,0.713,278,1012,347,192,107,356,584
264,Sam Houston State,34,18,16,0.529,-5.84,-6.27,12,6,10,4,6,9,2551,2427,,1370,796,1806,0.441,255,716,0.356,580,810,0.716,259,1154,511,184,104,455,719
265,Samford,33,14,19,0.424,-5.55,-4.1,4,14,6,7,5,11,2440,2442,,1345,820,1848,0.444,247,682,0.362,555,795,0.698,369,1157,458,225,149,483,680
266,San Diego State,34,25,9,0.735,11.23,3.85,16,2,13,4,9,2,2315,2049,,1370,706,1902,0.371,208,691,0.301,429,592,0.725,344,1125,346,205,116,418,684
267,San Diego,30,9,21,0.3,-7.67,1.54,4,14,6,7,1,11,1822,2074,,1200,714,1605,0.445,177,490,0.361,469,664,0.706,281,1081,377,179,102,355,570
268,San Francisco,30,15,15,0.5,-2.75,-0.51,8,10,10,7,5,7,2329,2362,,1220,811,1843,0.44,280,725,0.386,460,644,0.714,336,1096,426,151,139,343,631
269,San Jose State,31,9,22,0.29,-5.84,1.3,4,14,7,7,1,13,2186,2290,,1245,761,1767,0.431,211,600,0.352,557,811,0.687,317,1133,402,194,88,387,642
270,Santa Clara,31,11,20,0.355,-4.57,1.97,7,11,7,8,3,9,2083,2272,,1265,781,1774,0.44,243,703,0.346,467,645,0.724,324,1144,441,152,100,350,582
271,Savannah State,31,16,15,0.516,-15.14,-8.66,9,7,12,2,2,12,1933,2092,,1245,708,1636,0.433,196,565,0.347,480,662,0.725,304,1113,357,213,115,479,630
272,Seattle,30,14,16,0.467,-9.32,-4.89,7,7,9,7,3,8,1952,2004,,1205,693,1698,0.408,247,732,0.337,371,559,0.664,334,1024,421,251,115,391,565
273,Seton Hall,33,25,8,0.758,14.77,7.71,12,6,13,3,7,4,2470,2237,,1325,790,1971,0.401,206,652,0.316,451,664,0.679,397,1183,402,238,135,449,700
274,Siena,33,21,12,0.636,2.28,-2.9,13,7,12,2,7,9,2579,2408,,1345,821,1981,0.414,223,695,0.321,543,760,0.714,376,1062,380,238,122,407,680
275,South Alabama,33,14,19,0.424,-8.05,-1.89,8,12,8,6,4,11,2284,2426,,1345,834,1975,0.422,231,724,0.319,527,747,0.705,401,1262,454,191,112,432,651
276,South Carolina State,34,19,15,0.559,-9.61,-7.86,12,4,10,1,6,11,2485,2485,,1360,851,1922,0.443,248,715,0.347,535,742,0.721,362,1190,431,151,95,413,651
277,South Carolina Upstate,32,10,22,0.313,-13.7,-4.31,4,10,7,10,3,12,2315,2495,,1290,889,1935,0.459,270,739,0.365,447,643,0.695,382,1171,528,220,92,369,526
278,South Carolina,32,24,8,0.75,12.64,6.22,11,7,15,2,5,5,2429,2208,,1290,728,1845,0.395,264,755,0.35,488,718,0.68,358,1102,403,207,153,483,733
279,South Dakota State,33,26,7,0.788,5.47,-1.56,12,4,13,0,8,7,2517,2237,,1320,766,1843,0.416,198,599,0.331,507,709,0.715,307,1073,366,187,118,398,691
280,South Dakota,32,14,18,0.438,-5.36,-0.66,5,11,6,6,5,10,2443,2537,,1305,852,1875,0.454,279,718,0.389,554,752,0.737,334,1179,477,167,140,447,587
,,Overall,Overall,Overall,Overall,Overall,Overall,Conf.,Conf.,Home,Home,Away,Away,Points,Points,,,Opponent Totals,Opponent Totals,Opponent Totals,Opponent Totals,Opponent Totals,Opponent Totals,Opponent Totals,Opponent Totals,Opponent Totals,Opponent Totals,Opponent Totals,Opponent Totals,Opponent Totals,Opponent Totals,Opponent Totals,Opponent Totals
Rk,School,G,W,L,W-L%,SRS,SOS,W,L,W,L,W,L,Tm.,Opp.,,MP,FG,FGA,FG%,3P,3PA,3P%,FT,FTA,FT%,ORB,TRB,AST,STL,BLK,TOV,PF
281,South Florida,33,8,25,0.242,-2.67,5.42,4,14,4,14,3,9,2085,2352,,1320,817,1978,0.413,235,736,0.319,483,704,0.686,413,1192,495,255,106,314,560
282,Southeast Missouri State,29,5,24,0.172,-15.92,-3.29,2,14,3,10,2,14,1944,2252,,1165,824,1734,0.475,233,665,0.35,371,528,0.703,294,1105,516,190,113,395,528
283,Southeastern Louisiana,33,12,21,0.364,-13.38,-7.32,9,9,9,3,2,15,2344,2489,,1325,847,1893,0.447,268,717,0.374,527,805,0.655,389,1192,504,214,124,457,648
284,Southern California,33,21,12,0.636,14.02,7.93,9,9,16,2,3,7,2668,2467,,1340,899,2152,0.418,239,740,0.323,430,613,0.701,423,1248,452,191,132,408,646
285,SIU Edwardsville,28,6,22,0.214,-10.63,-2.45,3,13,3,11,3,11,1839,2068,,1130,708,1554,0.456,175,471,0.372,477,675,0.707,273,981,380,160,98,336,551
286,Southern Illinois,32,22,10,0.688,2.69,-1.4,11,7,12,4,9,4,2360,2229,,1290,764,1687,0.453,189,594,0.318,512,758,0.675,268,1038,377,190,88,478,680
287,Southern Methodist,30,25,5,0.833,18.67,4.8,13,5,16,1,7,4,2319,1903,,1200,676,1690,0.4,224,676,0.331,327,513,0.637,313,878,378,220,118,363,536
288,Southern Mississippi,29,8,21,0.276,-10.46,-3.53,5,13,6,9,2,12,1866,2045,,1180,687,1575,0.436,249,699,0.356,422,605,0.698,281,1026,395,189,87,342,525
289,Southern Utah,30,6,24,0.2,-17.18,-4.04,3,15,3,10,3,13,2119,2429,,1210,839,1700,0.494,231,559,0.413,520,728,0.714,299,1091,402,180,114,371,590
290,Southern,34,22,12,0.647,-7.16,-9.04,11,7,12,1,6,10,2479,2347,,1360,814,1961,0.415,225,709,0.317,494,745,0.663,412,1282,396,180,104,468,658
291,St. Bonaventure,30,22,8,0.733,7.2,2.23,14,4,14,2,8,5,2334,2185,,1210,758,1746,0.434,211,663,0.318,458,660,0.694,364,1096,424,159,91,394,592
292,St. Francis (NY),32,15,17,0.469,-10.95,-8.95,11,7,9,5,6,11,2095,2131,,1290,765,1809,0.423,152,463,0.328,449,630,0.713,349,1154,368,204,90,404,592
293,St. John's (NY),32,8,24,0.25,-2.05,7.79,1,17,6,10,0,10,2174,2472,,1280,835,1854,0.45,238,643,0.37,564,795,0.709,355,1260,459,273,109,464,664
294,Stanford,30,15,15,0.5,8.49,10.84,8,10,12,5,2,8,2088,2111,,1210,728,1647,0.442,228,627,0.364,427,646,0.661,318,1053,420,161,93,402,645
295,Stephen F. Austin,32,27,5,0.844,8.41,-6.88,18,0,14,0,9,4,2583,2021,,1280,719,1642,0.438,165,511,0.323,418,637,0.656,309,1020,375,174,87,596,648
296,Stetson,34,12,22,0.353,-10.76,-4.33,4,10,6,8,5,13,2729,2807,,1390,1052,2221,0.474,251,725,0.346,452,670,0.675,407,1362,524,209,155,415,634
297,Stony Brook,32,26,6,0.813,4.25,-6.02,14,2,15,1,11,5,2458,2030,,1285,737,1824,0.404,208,636,0.327,348,489,0.712,292,1014,351,177,81,408,589
298,Syracuse,32,19,13,0.594,13.58,9.08,9,9,13,4,3,7,2247,2103,,1295,759,1834,0.414,225,740,0.304,360,540,0.667,414,1180,494,208,85,430,574
299,Temple,32,21,11,0.656,7.64,6.42,14,4,11,3,8,4,2197,2158,,1300,785,1883,0.417,189,600,0.315,399,539,0.74,347,1223,395,138,117,352,505
300,Tennessee-Martin,33,19,14,0.576,-5.73,-4.83,10,6,11,2,7,9,2398,2338,,1335,830,1920,0.432,283,830,0.341,395,563,0.702,340,1131,467,182,92,399,613
,,Overall,Overall,Overall,Overall,Overall,Overall,Conf.,Conf.,Home,Home,Away,Away,Points,Points,,,Opponent Totals,Opponent Totals,Opponent Totals,Opponent Totals,Opponent Totals,Opponent Totals,Opponent Totals,Opponent Totals,Opponent Totals,Opponent Totals,Opponent Totals,Opponent Totals,Opponent Totals,Opponent Totals,Opponent Totals,Opponent Totals
Rk,School,G,W,L,W-L%,SRS,SOS,W,L,W,L,W,L,Tm.,Opp.,,MP,FG,FGA,FG%,3P,3PA,3P%,FT,FTA,FT%,ORB,TRB,AST,STL,BLK,TOV,PF
301,Tennessee State,30,20,10,0.667,-1.6,-5.38,11,5,11,2,7,7,2200,2056,,1210,674,1631,0.413,239,672,0.356,469,687,0.683,304,1017,378,171,77,450,603
302,Tennessee Tech,30,19,11,0.633,-2.75,-3.79,11,5,14,1,5,9,2357,2265,,1205,806,1832,0.44,231,634,0.364,422,619,0.682,358,1083,439,184,92,351,640
303,Tennessee,34,15,19,0.441,8.16,8.22,6,12,12,4,1,11,2554,2556,,1360,886,2081,0.426,248,726,0.342,536,776,0.691,456,1361,471,204,120,420,690
304,Texas A&amp;M-Corpus Christi,32,25,7,0.781,-2.44,-5.57,15,3,13,1,10,5,2356,2212,,1280,719,1740,0.413,220,638,0.345,554,774,0.716,372,1146,390,203,70,518,652
305,Texas A&amp;M,34,26,8,0.765,19.09,8.71,13,5,17,1,5,5,2581,2228,,1370,783,1929,0.406,251,762,0.329,411,626,0.657,381,1191,439,171,118,488,656
306,Texas-Arlington,33,23,10,0.697,5.72,-2.85,13,7,13,2,9,7,2627,2295,,1335,751,1886,0.398,258,775,0.333,535,813,0.658,340,1183,407,221,154,498,668
307,Texas Christian,33,12,21,0.364,4.68,9.23,2,16,9,9,1,10,2209,2359,,1320,806,1805,0.447,225,647,0.348,522,747,0.699,349,1204,486,246,151,482,738
308,Texas-El Paso,33,19,14,0.576,-3.66,-4.78,10,8,14,4,2,9,2554,2471,,1335,853,2013,0.424,268,796,0.337,497,734,0.677,403,1294,482,175,100,470,695
309,Texas-Rio Grande Valley,30,8,22,0.267,-17.66,-4.03,4,10,7,6,1,13,1993,2330,,1200,861,1897,0.454,207,602,0.344,401,586,0.684,400,1235,479,191,82,305,507
310,Texas-San Antonio,32,5,27,0.156,-16.23,-3.23,3,15,4,10,1,14,2317,2698,,1290,924,1826,0.506,280,687,0.408,564,834,0.676,280,1180,541,200,159,410,664
311,Texas Southern,32,18,14,0.563,-4.56,-7.28,16,2,9,0,7,12,2330,2243,,1280,843,1932,0.436,208,623,0.334,351,466,0.753,322,1044,430,201,124,348,686
312,Texas State,31,15,16,0.484,-5.16,-4.09,8,12,10,4,4,11,2046,1993,,1250,691,1627,0.425,194,560,0.346,417,596,0.7,312,1063,340,177,92,436,606
313,Texas Tech,31,19,12,0.613,13.2,10.65,9,9,14,3,3,7,2244,2165,,1255,758,1777,0.427,237,674,0.352,412,585,0.704,355,1046,348,197,102,387,654
314,Texas,32,20,12,0.625,15.76,12.48,11,7,14,3,5,5,2283,2178,,1290,754,1801,0.419,201,586,0.343,469,675,0.695,359,1153,358,145,104,398,651
315,Toledo,32,17,15,0.531,3.11,-2.22,8,10,9,6,6,8,2482,2286,,1280,815,1874,0.435,267,691,0.386,389,538,0.723,275,1064,408,203,100,390,638
316,Towson,32,20,12,0.625,0.61,-1.55,11,7,12,3,7,6,2286,2137,,1290,720,1728,0.417,202,589,0.343,495,670,0.739,302,1018,348,166,109,403,665
317,Troy,31,9,22,0.29,-9.03,-1.89,4,16,4,10,4,10,2145,2329,,1250,821,1859,0.442,236,666,0.354,451,641,0.704,356,1202,442,199,111,389,630
318,Tulane,34,12,22,0.353,-0.63,4.02,3,15,6,10,2,10,2240,2398,,1390,845,1950,0.433,212,601,0.353,496,718,0.691,369,1264,409,240,119,442,598
319,Tulsa,31,20,11,0.645,10.07,5.75,12,6,12,3,6,5,2294,2160,,1250,733,1760,0.416,235,647,0.363,459,613,0.749,339,1147,375,164,101,442,636
320,UCLA,32,15,17,0.469,10.86,10.08,6,12,11,6,3,7,2480,2455,,1295,860,2002,0.43,268,757,0.354,467,677,0.69,381,1188,462,213,98,372,619
,,Overall,Overall,Overall,Overall,Overall,Overall,Conf.,Conf.,Home,Home,Away,Away,Points,Points,,,Opponent Totals,Opponent Totals,Opponent Totals,Opponent Totals,Opponent Totals,Opponent Totals,Opponent Totals,Opponent Totals,Opponent Totals,Opponent Totals,Opponent Totals,Opponent Totals,Opponent Totals,Opponent Totals,Opponent Totals,Opponent Totals
Rk,School,G,W,L,W-L%,SRS,SOS,W,L,W,L,W,L,Tm.,Opp.,,MP,FG,FGA,FG%,3P,3PA,3P%,FT,FTA,FT%,ORB,TRB,AST,STL,BLK,TOV,PF
321,Utah State,31,16,15,0.516,2.61,1.99,7,11,10,6,5,8,2274,2217,,1240,795,1800,0.442,228,663,0.344,399,575,0.694,315,1070,435,190,96,353,558
322,Utah Valley,30,12,18,0.4,-9.4,-3.4,6,8,7,7,5,9,2280,2360,,1210,851,1902,0.447,183,562,0.326,475,685,0.693,341,1205,440,192,93,385,569
323,Utah,34,26,8,0.765,16.55,9.06,13,5,16,1,5,5,2639,2351,,1380,873,2112,0.413,253,689,0.367,352,488,0.721,360,1123,373,216,123,355,675
324,Valparaiso,32,26,6,0.813,10.24,-1.39,16,2,14,1,12,4,2425,1991,,1290,671,1761,0.381,199,594,0.335,450,693,0.649,293,1030,334,178,110,420,625
325,Vanderbilt,32,19,13,0.594,18.26,8.85,11,7,14,2,3,9,2456,2155,,1290,762,1974,0.386,176,603,0.292,455,675,0.674,388,1192,331,180,99,316,628
326,Vermont,34,21,13,0.618,-1.37,-4.58,11,5,12,3,8,9,2550,2397,,1360,834,1946,0.429,238,652,0.365,491,714,0.688,343,1110,427,233,123,393,653
327,Villanova,34,29,5,0.853,21.65,8.39,16,2,15,1,10,2,2617,2166,,1365,764,1910,0.4,240,716,0.335,398,600,0.663,360,1147,438,199,74,469,648
328,Virginia Commonwealth,34,24,10,0.706,13.74,3.83,14,4,15,2,7,4,2625,2288,,1370,818,1860,0.44,187,556,0.336,465,688,0.676,326,1179,433,195,137,517,604
329,VMI,30,9,21,0.3,-12.57,-2.76,4,14,8,6,1,14,2081,2264,,1205,769,1716,0.448,224,615,0.364,502,693,0.724,339,1163,375,205,92,390,508
330,Virginia Tech,33,19,14,0.576,10.16,7.68,10,8,13,5,4,6,2461,2379,,1340,853,1970,0.433,225,722,0.312,448,656,0.683,382,1181,433,186,172,425,730
331,Virginia,33,26,7,0.788,22.06,11.36,13,5,15,0,5,6,2322,1969,,1325,687,1630,0.421,212,607,0.349,383,550,0.696,263,935,331,174,73,397,555
332,Wagner,32,22,10,0.688,-4.45,-10.42,13,5,13,4,9,6,2256,2047,,1285,683,1677,0.407,180,554,0.325,501,738,0.679,306,1037,354,178,108,454,602
333,Wake Forest,31,11,20,0.355,5.79,10.79,2,16,6,9,3,9,2295,2450,,1250,847,1923,0.44,209,626,0.334,547,742,0.737,367,1142,390,247,121,339,652
334,Washington State,31,9,22,0.29,0.93,8.4,1,17,8,9,0,10,2187,2394,,1260,836,1886,0.443,210,586,0.358,512,699,0.732,333,1107,380,210,95,333,524
335,Washington,32,18,14,0.563,12.15,8.56,9,9,12,5,3,6,2668,2553,,1305,870,2035,0.428,196,600,0.327,617,905,0.682,460,1355,406,197,122,522,738
336,Weber State,34,26,8,0.765,0.28,-5.78,15,3,13,1,6,7,2609,2273,,1380,850,2051,0.414,195,562,0.347,378,567,0.667,325,1127,344,197,55,369,715
337,West Virginia,34,26,8,0.765,22.9,10.31,13,5,13,2,7,4,2693,2265,,1370,709,1658,0.428,199,599,0.332,648,909,0.713,295,1045,359,229,125,617,787
338,Western Carolina,33,16,17,0.485,-4.53,-1.13,10,8,12,2,3,14,2405,2411,,1345,802,1852,0.433,236,693,0.341,571,805,0.709,368,1187,428,228,121,493,680
339,Western Illinois,27,10,17,0.37,-5.97,-1.1,3,13,7,6,3,11,1904,1914,,1080,647,1508,0.429,176,475,0.371,444,621,0.715,251,943,318,170,76,303,488
340,Western Kentucky,34,18,16,0.529,-1.22,-0.81,8,10,12,4,3,9,2620,2586,,1385,949,2091,0.454,280,742,0.377,408,617,0.661,363,1128,493,219,98,365,652
,,Overall,Overall,Overall,Overall,Overall,Overall,Conf.,Conf.,Home,Home,Away,Away,Points,Points,,,Opponent Totals,Opponent Totals,Opponent Totals,Opponent Totals,Opponent Totals,Opponent Totals,Opponent Totals,Opponent Totals,Opponent Totals,Opponent Totals,Opponent Totals,Opponent Totals,Opponent Totals,Opponent Totals,Opponent Totals,Opponent Totals
Rk,School,G,W,L,W-L%,SRS,SOS,W,L,W,L,W,L,Tm.,Opp.,,MP,FG,FGA,FG%,3P,3PA,3P%,FT,FTA,FT%,ORB,TRB,AST,STL,BLK,TOV,PF
341,Western Michigan,32,13,19,0.406,-1.83,0.31,7,11,10,5,2,12,2342,2352,,1310,804,1824,0.441,264,754,0.35,480,690,0.696,286,1097,430,187,116,388,683
342,Wichita State,32,24,8,0.75,16.61,2.9,16,2,14,1,9,3,2343,1896,,1290,602,1566,0.384,187,577,0.324,505,705,0.716,260,1051,292,150,94,492,657
343,William &amp; Mary,31,20,11,0.645,5.86,1.59,11,7,12,3,7,7,2384,2205,,1250,798,1895,0.421,251,769,0.326,358,516,0.694,319,1075,403,182,108,330,598
344,Winthrop,32,23,9,0.719,-1.04,-5.31,13,5,14,1,7,7,2631,2429,,1280,870,2051,0.424,226,669,0.338,463,651,0.711,407,1202,366,196,102,375,653
345,Wisconsin,32,20,12,0.625,13.49,9.18,12,6,13,5,6,5,2204,2066,,1290,732,1705,0.429,189,499,0.379,413,585,0.706,294,1017,340,169,106,390,653
346,Wofford,32,15,17,0.469,-3.43,-2.03,11,7,11,2,4,14,2296,2295,,1295,826,1699,0.486,177,502,0.353,466,682,0.683,254,1005,379,192,100,370,607
347,Wright State,35,22,13,0.629,0.21,-1.73,13,5,13,2,5,9,2399,2303,,1405,745,1768,0.421,206,627,0.329,607,846,0.717,294,1215,373,176,114,488,622
348,Wyoming,32,14,18,0.438,0.08,2.18,7,11,10,6,4,8,2294,2302,,1295,787,1826,0.431,239,682,0.35,489,701,0.698,340,1181,371,186,71,346,709
349,Xavier,32,27,5,0.844,18.74,8.43,14,4,15,1,8,3,2603,2273,,1280,787,1894,0.416,241,766,0.315,458,651,0.704,319,1073,435,195,111,451,739
350,Yale,28,22,6,0.786,8.62,-2.34,13,1,12,0,9,6,2105,1768,,1125,625,1536,0.407,166,525,0.316,352,506,0.696,237,821,311,187,98,347,599
351,Youngstown State,32,11,21,0.344,-10.83,-0.83,6,12,6,8,3,11,2437,2682,,1305,984,2094,0.47,256,756,0.339,458,661,0.693,396,1336,557,209,107,407,560